inner_id,username,profile,follower_cnt,following_cnt,,,,,
1260181400,dot0924,,134,161,,,,,
2312433702,mok_sama,"?Joomok Lee
??국??(Korean)
??일. ?프?베르그 거주 (Deutschland, Senftenberg)
??식???난??집",306,224,,,,,
3709999336,kim_ssuun,"김?입?다.
그림 그리?글 ?니???업/?주/커???관???락?
?스?dm/ 메일: alswns8989@naver.com /
?북: 김???메)/ 카톡?이?? alswns8989
??주?요 ~",41,80,,,,,
1749667251,yisooac_,?식?너?프,261,126,,,,,
12651972581,theplanps_j,"?면?곽/?면거상
?플?성?외????? +82-2-534-5009 ??
?구?로 20?6
The Plan Plastic Surgery & Dermatology 
- Facelift surgery
- Facial bone contouring surgery",210,503,,,,,
12419072575,happyn_topper,"[?국?트?컷?자?협???이?토??지?강??
?복???간 ?? .....
? ?퍼 창업 ??격??래???영?
? 그램벌룬 커스?벌룬 과정?료
? 주문/문의 : 카카?톡 ?러??친구 ID : ?피?토??,458,96
2032489347,chunkangs,?동 ?나?즐거???복???합?다!",,,,,,,
"가???들??그램?로??미소??합?다^^""",249,509,,,,,,,
5980828656,teamdragongym,?TEAM DRAGON Boxing- ?ᅢ?ᅭ ?ᅩ?ᅡ?ᄉ?ᆨ - ??#?ᅩ?ᄉ?ᆼ #????ᅮ #?ᅵ?ᄃ?ᄅ???ᆫ #?ᅡ?ᅵ?ᅥ?ᅳ #?ᅵ?ᅳ?ᄉ??#?ᅳ?ᄒ?ᆼ?ᅩ??#?ᅳ???ᄌ????#복싱pt #?ᅳ????180,93,,,,,,
8177051026,mungstagram815,"?중???이?♡
미용??중요????이?의 미용?트?스 관리?
??중요?니?♡.??#?산?견미용
#??견미용
#?요?도?니??#?일?약가??#?픈???실
#?업
#?담?영
?출장 ?견미용(?약문의)?
?문자??카톡???영?니??^?
010.2469.2524",527,412,,,,,
24751197445,scalp_healer,"Scalp micro pigmentation!!
SMP ?ᅮ?ᅵ?ᅦ?ᅵ?ᅳ?ᅥ???ᅡ?????ᆫ?ᅵ,?ᅮ?ᅵ?ᅡ?ᄋ?ᆼ???카카?톡 바로가기↘?,95,176
17903013950,cyj9820022,꽃중?이 ?고??명랑 발랄 1968???짐???피 ?상?? ?이?는??할???음 즐겨??#50? #50??줌?",156,30,,,,,
28269885916,changhee1663,?긍정?너지 ?누??께 ?고??50? ?줌?⭐우리의 ?간? 지금???빛나???금???면???재??무한??가?성??깨워 ?신???마??밝? 존재????게 ?니????V그룹발라??강창???0️⃣1️⃣0️⃣ 2️⃣8️⃣5️⃣5️⃣ 1️⃣6️⃣6️⃣3️⃣,190,204,,,,,
4676921385,gaerogi,,118,34,,,,,
12002287219,se_ha0823,"?룰?어/?장?하
?양미용???양???실/ 1:1 ?어??,321,192
6165598896,lkd_episode,?제보다 ?? ?늘???해..곱게 ?어가?538,401
1386590639,designer_nabi,문화복합공간_人터style",,,,,,,
?이?스????자?너_naBi,,,,,,,,,
.,,,,,,,,,
.,,,,,,,,,
그릇?집??감성마켓,,,,,,,,,
.,,,,,,,,,
.,,,,,,,,,
#?식?그릇??#만나??,,,,,,,,,
#?소???토리텔?맛있??,,,,,,,,,
#??그릇?#?께?는#?자???링,,,,,,,,,
#?탁?에 #?쳐지???이블웨??,562,428,,,,,,,
1698861411,yangs_plastic_surgery,"? ?튜?: ?연모성?외?? 카카?톡 : yym3536 
?  010-2319-3536
? 032-325-3536 
-
[진료?간]
?화목금 : 10:00 ~ 18:00
?요??: 10:00 ~ 13:00
?요??: 10:00 ~ 14:00
?요?·공?일 ?진",202,85,,,,,
5400179491,thejoy_model,"[미즈모델?회 ?조??
? ?일 주?.?성?로?구성???일 ?..
미즈모델?원 ?시 모집?. 
?션모델??관?있??165cm?상??30?~50? 주?, ?성모델 모집 ?.
문의??010-2828-1718",110,144,,,,,
19568135292,boysplanet2,"광명??organic sugar macaron)
.
?좋??료??백??맛을 ??마카?
?12:00 open
??브?프??광명 (1??면 좌측)
?02-898-8908",282,0,,,,,
5429178369,bestuj_,"#창원?금?라???금?라?????크
#?금?라?자격증#?금?라?클?스
?수강ㆍ주문문의???카톡 ggongsal  ?010.4578.5757",312,86,,,,,
6820777020,ophelia_yogi.actor,"???? ????, ??????????, ????
?
??강의 촬영문의 ? ?????
망원??거북이??? ?. . .??
?데?클?스 ?청?기????",557,211,,,,,
28015448765,boom.gabi,그냥?는?람,554,421,,,,,
39175323577,flower_rani_j,"-
-
?둘? ᵔᴥ?
-
my 미? 
-
-",85,63,,,,,
16707525304,babsang_change,"#?생?강??
#?살?#?생?교?인천네?워??,147,244
5425362386,yangsamseo,???어 ?성?어 ?문???업?간 PM5:30~AM2:00(?요?휴?""",247,169,,,,,
1417173148,park_chalse,,394,343,,,,,
9652849633,ddung2c,"?이?니까여!
?? 2015, 12, 10 / ?이가 집에 ????? ?트?출신 5???퍼 ?트??겁쟁??중형 ?혈 ?컷?
?? 마주치면 짖거???망??도 ??? ?의???어??,115,76
2941611006,function_five,?ABnormal things.                ?Space design proposal.,103,107
1343161376,sm_0831_js,,239,158
1686562546,kong_cn0401623,?든??카나??카나 2013?????생",,,,,,,
"꽁원?의 ?진창고""",567,441,,,,,,,
1818003200,pilates_and_u,"Korea.pilates.bodygym.makebody.
Stott pilates certified instructor
#?라?스?유",600,488,,,,,
38889477501,taekkitomy,????️‍♂️🤸‍♂️🧘‍♂️🧘‍??64,10,,,,,,
29649886043,team_snake_.pohang,"?항???구 ?천???331, 3?,114,73
39206406604,song_hyun_do,,51,32
13360837184,sindongotoriseu,,133,227
6466069359,yunohun,,153,229
4987149944,herosbike,?행? 목적지??하??과정?????체?보상?다""",73,55,,,,,
4485291,funkysoi,"??생?라 불리?는 ??들???무 ?중???어??
? @funkysoi_with_paintings ? (?각바구??",255,61,,,,,
2004470501,goto_hongs,"???&?????? 
. 
?️‍?️NNEDU.Pts
?️‍♂️PTAG.Cpt
?️‍♂️NASM.Gfs
??♂️SnB.stretch
?Trigger.point
.
?Kakao: mmhong2
.
?제 ?디?나, ?느 ?구?게??믿음직스?고 ?모?는 ?람???도?,610,583
265702701,lisawoo0501,Fitness Specialist",,,,,,,
#pt #pilates #yoga #fitness,,,,,,,,,
#?동?문가 #?트?이??#?동,,,,,,,,,
"#SUP #?트?스 #?? #?라?스""",399,530,,,,,,,
11305287485,thejinsiim,"[?라???드]
100% 천연?료?만든 ??찜질?🌾? ???????????????
친환경마??진호리에???확??곡물???용?는 
친환??라??브랜???더 진심?? -",403,168,,,,,
39551386514,iszm88,"?물?진 ?문, #?산증명(#?ㅅ?ㅁ)
촬영문의 @ilsanstudio_archive",166,140,,,,,
1964151186,yudongmi70,"Psyche ???♂️패?🙅‍?️여?👗의류👢ootd?
??악 ??동???행 ??감사 ??❤️‍💋‍👩사??#체험??리뷰??#?찬???통?
#중년 #주? #?플루언??#?중?일??,586,640
3314154964,appie.up,korean",Like:movie,picture.lure fishing,radio, coffee roasting. Hate:tv,"rude""",78,83
37526202046,aje_mon,?션 빈티지 ????67,55,,,,,,
5541040784,glassstory_sanbon,"글?스?토??본??문의: 031-398-1001
?치: ?본????군포??2?         ?진?국2?         분식?라2?취급브랜??버킷리스???테?크리스?앙. ?에?메르시.?큰.?이?릴.?랭?커??.
?즈베르??그외?수........",341,223,,,,,
50210203,dada_1102,?다??보금?리 ??👩‍????다???니? ?께?는 초보?마?️,603,366,,,,,
6033439830,yongdugyda,"?movie actor
??어비앤비영????퍼?스??,454,230
1004337208,donghyun0_0,1867110032275",,,,,,,
?플," ?이?북 ?스? ?계정 ?용?? ?습?다""",616,392,,,,,,
2057661959,ysi1221,"#꽃중??멋스?게?이먹기#관리하?남??#?로?시??강북3구역?개?,409,280
3123352,skylove_00,?랑?늘맘😍뿅,71,86
3017609968,lj.hair_shop,??운?Lj?어?",,,,,,,
??업?간?️오??0????후8???️?약문의)042-274-8066?,,,,,,,,,
#??동구??실#????동미용??#???미용???운???실#?암???실,,,,,,,,,
#?양???실#????실,,,,,,,,,
#가?동미용???송?미용??#커트맛집#?색#?팅???신머리,,,,,,,,,
"#감성?그리고Terry""",92,167,,,,,,,
6967985778,ddang_kong_baby,?는???콩베이??칭),131,102,,,,,
1550869551,je_i_mom,"?????????? ? V.GOUP
?#발라?본부 ???문가
??추천?NO:200807985
??????관리사가 ?안?는 뷰티?✨
??? ????체험문의 
⬇️?업?담 ?품?담 ?영⬇️",227,131,,,,,
3026955196,precilia_lee,": World tour, Beauty, Hole in the wall, Daily
""Life is a multiplication. Even though it has come any chance, it is no meaning if I have a zero.""",135,205,,,,,
9000957407,yimshiro,"12??꽃중??개삼춘의 ?주???생???야기?
?개편???상, 개좋? ?상, 개행복한 ?상 ?해??**?주???기???양문의?DM**
***?주<>?울 ???동봉사?DM***",243,220,,,,,
23355888499,id00000830,무적?? ???윈??252,468,,,,,,
1976956622,jsstyle00,,129,117,,,,,
7178473836,lalala_ok_79,,145,142,,,,,
3598901419,byulnam2,"?@helpshelter ?서 ?어?? 
?별남??(?살, 천방지? ??👩‍??#??말고?양?세??,230,246
3922827038,sehoesin,2014. ?성???인?되???",,,,,,,
2017. ?성??결혼?하???,,,,,,,,,
2019. ?리?의??,?진???어?어?👶?,501,342,,,,,,
40846437535,77silverline,"?꼼?벌???니?니???이?트 기록?기???????
??????????????!",10,27,,,,,
5975892778,sohang_park,"?동?는 ?수리오?제 가??? ?복?????기, ?스로? ?한 ??,386,475
28134635294,0ve_kv0,,104,60
3279910204,lovee.seul,?9?연??& ?갑?기 부부",,,,,,,
??년???매 ?아?상 ?2???????3??개띠,,,,,,,,,
??👩‍👧‍👧순간의 ?중??추억??,541,105,,,,,,,
27751304104,jeou2020,?ᅡ?ᄇ?ᆫ?ᅡ?ᅳ?ᄂ?ᄋ?ᆫ?ᅢ?✌️✌??ᅩ?????ᅡ?ᅣ?ᅵ??~????,292,85,,,,,
6903605871,jeong_hyeonii,i love ethics ??128,86,,,,,,
462951609,sunny80917,"DM ??봐요...
개인?인 관???절?니???
?디??부??컴백!!!!",357,255,,,,,
1476715153,jjhat17,"#방과?요??식?#?국민디지?역?강?교??#?르?푸?테?피
#?년?복?동지??#??진로특?#그림책러버?#지???한?의?식",35,109,,,,,
3172929064,bajel2014,?성?류 ?외?션,579,563,,,,,
8991390465,unique542_v,"??♂️리챠드?로?어 ?정로데?점 ?드리쌤?????근무시?-->> 1:30~11:00
?휴       ?-->> 매주 ?요??#?이?드?#?쉬?#c컬펌 #?발??#?도?펌 #???왈로우??#가르마??#?즈??#?피??#?리??,325,334
6247104357,pinkrosetopper,?크로즈?퍼 / 주문?작 / 카톡loveme02y/#창원?퍼 #마산?퍼 #?크로즈?퍼,182,144
38507318232,byulzzi_story,빛과 바람...?꽃🍃?",,,,,,,
??에 ?롯??물든 그?~^^,,,,,,,,,
??름 꽃중??,,,,,,,,,
?진 ??주인공이 ?어보세??,,,,,,,,,
#보헤미안,,,,,,,,,
#린네?아,,,,,,,,,
#?요?#?리지??,133,116,,,,,,,
1650366858,sun0281,"건강????
?복???공??추구?는.
?스???업??
#갈바??#루??파
#?이지??#180??#TR90",232,368,,,,,
4841344671,ordinary_jje,"????다 죽는 ?꿈인 
??많고 ???치??지??
?양???랑 ?라 ?랑
?다??람 ?리기 최고??Red, Magenta lover
?이?트??댔지, 곡기??는?곤 ???어???",142,252,,,,,
1646178,bjh0307,"2019.11.08 뵨보?
2020.02.08 뵨코?2013.07.08 뵨써????성) 구조??7/4?인???맘 ??고양??공존?는??,196,385
39053774369,joohanxi0518,?이 ?영?는 #?빠??그램,15,5
40007196187,jeongseon.h4900,2020.. #????복모???결?진?.....",,,,,,,
             #?정?🇰?#?복모델,,,,,,,,,
             #?나지??  ,,,,,,,,,
             # ?견??,160,142,,,,,,,
1998835855,bo_mingle,"??/ social worker / @li.__.1y 
Happiness comes of the capacity to feel deeply, to enjoy simply, to think freely, to risk life, to be needed.",161,136,,,,,
39964402708,fghrthfgjgh,,10,192,,,,,
461691638,sj5_21,"좌충?돌 주말 ??
?신?는 증권??기로운 ?본주의?회 ?존??각?는 ?자",455,612,,,,,
1936426403,park_dayoung,"#?소??#?상
#?애 ??#즐거??#가?빡치??#그래?사?해
?보&광고?절",217,75,,,,,
5808724973,vitstory.official,"?테리어 조명 매장 빛이?기?니??
문의. 1833-9079
?업?간. ???요??am 09:00 ~ pm 06:00
카톡ID. vitstory",413,51,,,,,
1702230273,alakim1031,,190,144,,,,,
25288986094,icheon_jiujitsu1,"??천??@icheon_jiujitsu )
? ?동??- 경기???천????면 ?동?160 (?명?닭 3?
? 고담??- 경기???천????로 288번길 107(?강??맞???건물)
?️ ?스?DM / 010.2128.3833 / 카카?플?스 ?천?스?짐",295,91,,,,,
11049493438,fki_imi,"?경?에???립?? 
경제?최초??경영?문 교육기? ?니??
* Since 1979 ~ ??♂?/  ?의???경?회관",240,436,,,,,
40331551991,xfcvbxcbsfdbcvb,,26,136,,,,,
1429871781,budehey,,178,194,,,,,
36060881481,park2duri,"?ᅡ?ᄑ????ᄌ?ᆼ @75ddong
2017.01 ?? 6.7kg
?????ᄆ???ᆼ?ᅮ?ᄒ?ᄌ??113?ᅩ ?ᅵ???ᆼ ?ᅵ?ᅮ?ᅡ
?ᅧ?ᄅ?ᆨ?ᅥ : 010-9246-7507
?ᅵ?ᅦ?ᅵ??: frombear@hanmail.net",128,98,,,,,
1739206663,lee_hidy,"??모 Timo 2013.2.10
?코코 coco 2014
?마하 mach 2017.2.18
?코니 connie 2017.2.18
???오 nao 2016
?Cat Gallery / ?랑?는 ?의 ?냥?들 ?",479,384,,,,,
1414595409,bm_hulk,"010 7569 5342
?픈??문의 ?영?#?일부?료
#컬러?플?스#컬러?plus#?트?플?스#?트?plus#?링?링#??니???쎄??매주 #?산??그램 ?는 ?마추어 ?산??매일 #?동 ?는 #?스 중독??#블랙?크100?명산 ?전?8/100)",462,382,,,,,
4091315736,again_2016,"?성 ?류
김??로드??카톡 문의 77marie",477,114,,,,,
39139241198,charlsoon_mom,지?아린찰?맘,98,73,,,,,
39423730914,hoyoung3332,"Premium Asset
진주지?장?",66,64,,,,,
1351218937,yun_j8,#?년?맘 #?아?맘#?팔?면맞팔가??GUN:)160126?  /MINJAE:)170628?,235,281,,,,,
4537010496,dogdd0425,"개동??2008??4??5????2??관?멈머
꽃할??나?져 개셔?스? ?동??개스?그램 ?
DONGDONG? April 25th 2008 / male / 12years old / 
Dog / Schunauzer / ??
.
.
?동?누?? @ryeo1e._.59",86,42,,,,,
39845047288,eunafam,#??방#?예#?예교실#?구서?교???업문의 010  4512  5021,20,69,,,,,
7903438719,kickboxing.taro,"?주 ?는 골댕???14.09.02 ?
[?이?앤?트?스] 체육관 지?이?요?
.
#?복??#주짓??#mmatraining 
??지?스? >> @kickboxing.diet.mma
. 
체육관1:1문의?",147,52,,,,,
5931303270,jkhope884,미술?리치료??28,46,,,,,,
1798081426,great_mugoegi,44?ᅡ???ᅮ???ᆼ?ᅡ????ᅳ?ᄋ???ᄂ?ᆫ?ᅮ??...??ᄅ?ᄃ???ᅡ?ᅡ?ᄋ?ᆫ 20?ᅡ???ᄅ?ᆷ...,92,168,,,,,
40208676465,jin_ho_68,,45,42,,,,,
3102445392,esarang_whydive,"?주???쿠버다?빙 / 체험?이?문의 ?
    ? 010-2185-8008
?카톡 - esarang
?
??터- ?주?????시 @whydive_jeju
???",574,462,,,,,
4203794975,eunju2057,,95,199,,,,,
21490158375,mankyu.kang,"#fashion #daily #?화???? #금연 2?차, #BAKE, ?해??#?동 #Watch",309,344,,,,,
5781824604,jihomom1240,초롱별과 ?거?^,35,52,,,,,
1165499350,jinie_s2,sɪɴ ᴘʀɪsᴀ ᴘᴇ??sɪɴ ᴘ?ᴜsᴀ,274,306,,,,,
5355389553,chewy_apple,"?그?????상 기록 ?
?기? 지?롭게⚘",256,297,,,,,
2240745274,prinadis,"@grab.coffee ?영
???생??체육?으??어?길 기원???골퍼?꿈꾸??별거?는 ?상?️‍??,86,51
10826703351,dooreum__e,#?소??",,,,,,,
#?상??,,,,,,,,,
#?상?인글,,,,,,,,,
#글귀??그램,,,,,,,,,
#???명??#?#?툰,,,,,,,,,
#?마?다?딸,,,,,,,,,
#?도??,,,,,,,,,
#?연?각,,,,,,,,,
"#문인""",71,134,,,,,,,
36727969110,allwork.co.kr,"50?ᅦ?ᅵ?ᅡ????ᆼ?ᅧ?ᄌ?ᄅ?ᆯ ?ᅱ?ᅡ??????ᆫ????ᆨ?ᅬ?ᅡ 
- ?ᅵ?ᅵ?ᅥ ?ᅩ?ᄅ?ᄋ?ᆫ?ᅨ?ᅳ?ᄏ?ᆫ?ᅦ?ᅳ?ᅳ ?ᄋ?ᆯ?ᅯ?ᅳ ?ᅵ???ᄉ?ᄐ????참? ?청 방법? ?래??인?주?요!",268,128,,,,,
2426422445,sunday_park,?히머없?디,580,221,,,,,
4176321678,haeyeo_hoon,꿀?? 꽃보??재???????전??천년???상???ruikki_lee?,116,8,,,,,
29554258200,joy_d_terri_luv,"-
?이??카??,378,442
3556111339,hyunshinaeso,?소???상 ?적?적??156,174
12603264847,dalgu2241,본질?인 것을 ?망?는 ?인?네책방?니??",,,,,,,
070-8833-3197 ?목?to4. ??to9,,,,,,,,,
?전?약???영?,231,149,,,,,,,
7387277,cuteary,"???멜라루카?
?품문의, ?업문의⬇️⬇️",355,238,,,,,
7295678877,here_hyeon,즐겜??V4  (2019.11.07 ),34,31,,,,,
34965111569,yenballoon,,1,1,,,,,
5732827801,minkyo919,,229,105,,,,,
4947555186,yoon.ed.d,"YOON, HYEJIN ed.D",334,434,,,,,
797769292,52ce_jjang,"?소???상???
?중???간?⏰??- 
-
-
-
지금이??.
Here and Now..",353,613,,,,,
8282667985,supervillain_t,"?스?럽 ?포?인먼트 ???,? ?러??총???#?상 #?통 #?흥 #?왕??#배곧 #주짓??#?복??#종합격투?#?이?트 #?라?브 #진행??#?합 #bjj #좋아?반??#kbjjf #기획??#?렉??#bjjmaster #?이??#맛여??#director",229,115,,,,,
39689975130,manana_hoon,,17,17,,,,,
39254819038,vbnfgnvmnbnm,,27,175,,,,,
18411974089,yeonsojeong1,?에??는 ??,61,79,,,,,
19554160027,honghyebin9601,"#출생지 #?울 80???같?..96?생 
#?? #박해준 #?승????.?ㅎ
#추억 #?원 #?원?람 #죽전
#?상 #?식 #맛집 #?행 #?진 #?날 #?악 #?화 #감성 
#??행 ?Proud of Korea.
#?트?#7080감성 #90감성 #00감성",174,117,,,,,
26485104955,mirki_motolog,"Motolog & Daily life  feat.?량?생
??꿈? ?라?아 ?단 ? 
? Ducati 959 panigale corse 2019
? Harley davidson Iron 883 2020
? ?ᅮ?ᄎ??chowchow 2020.1.25",40,12,,,,,
6341053844,anhwi5359,I can do  it!!?❌?💯JDZ company,115,71,,,,,
6169575219,pax_usa,"?신 ???고??니??
?우???니??",219,504,,,,,
14559055294,syeon_0325,"경기???남??분당??중고등?교 2?년
(High school 2nd, korean??!)
Language: Korean(native), English,?本?Japanese
 Love pretty Rhythm!
Sister??@nannie_1230",49,64,,,,,
470287063,eemminss,"Founder & Creative Director of Shutat.
@shutat_daily",110,65,,,,,
8944261223,cao_._story,"??TV : ?태?클?쓰, 꽃보??모델
??광고: 비?500, ?시?? ?세계백?점 ?성?기, ?메?드, ?커??미디?? ?킨?? ?국관광공?? ?리바게?? 고용?등부
???션??: ?드???? ???중국??캐시미어,골프, MTB.?창??,568,506
39484592452,ljhair.shop,??️오??0????후8????매주 ?요???일??",,,,,,,
?️문의?화042-274-8066,,,,,,,,,
????️💇🏼💆🏻‍??#?운???실 #???미용??#?암??#???가?동#미용?추?머리?하?곳#?드?파,,,,,,,,,
#?모관??리?전?부부미용??,149,533,,,,,,,
5467536240,itsqbeat,????// 별이지고있??160,282,,,,,,
7957133099,j_collection777,"?리?이???방미인?이)
??지 코칭 ?구?????리?트",77,56,,,,,
2058761264,ssong1703,"#캠핑 #?크?후 #미즈캠퍼 #?행좋아?
#85?생 #광양?#?줌?#?맘 #꽃중??#??보스 #관?쟁??#?이?터 #?끼충만
#?말??고 #?밌게살??#먹스?그램 ??,339,88
8255912403,minjoo_c,?는??짜장맘?pug_zhazang,287,263
7012863428,luv_0413kong,?자매의 #공동?아",,,,,,,
#3?매???중???루?루 #?장기록 ??????,,,,,,,,,
#?랑??울?록????,368,577,,,,,,,
12531540743,unclejeremy.artist,"Arts-Design-Music-Essay-Cooking / ?트-?자??뮤직-그림?세??쿠킹.
.
#?레미삼?#unclejeremy .
.
@thejeremyparkshow 
.
?매?품 구입문의??DM ?로
ArtWorks for sale: DM please.
.",23,17,,,,,
37522439514,ys_police_official,??유?경찰서 공식 ?스?그램?니??,276,225,,,,,
1204627452,mm6360mm,"???중??보물??.
?단,?동 기록 @nn6360nn",253,168,,,,,
7141508515,sangki_jo,,89,89,,,,,
30973040328,sangoun5232,"#KR00449667
#직장???잡가??#권리?득#비활?소???버??#빅포?셜
#?랫???스 로시간적,경제???유??려보실?#?원?랑 ?면서 ?유? ?해보실분✋
#뷰티?리?이??#주도?인??#01082315232",193,103,,,,,
12021350304,_jongkeun_k,"AGE DOESN'T MATTER #1962?
??
???️의 #?질",116,44,,,,,
37500176160,kang.daewook,,87,134,,,,,
8586436501,bruxism18,,170,154,,,,,
10947428346,sarah__apostrophe,"?라 ?퍼?트로피
Official @sarahapostrophe",344,1,,,,,
2089427290,dancefit_sharonkim,,397,435,,,,,
5779555517,cream_2299,"?ᅢ ?ᅧ???ᆼ?ᅳ???ᅡ?ᅵ?ᄃ???ᅥ?ᄎ???ᅵ???ᆯ~^^*
??ᆷ?ᅥ?ᄌ???ᅩ?ᄌ???ᅥ?ᅵ?ᄅ?ᄉ?ᄐ???ᅡ ?ᅢ?ᅩ????ᅳ?ᅡ?ᅮ??",239,157,,,,,
