inner_id,username,profile,follower_cnt,following_cnt,,,,,,,,
1383792898,soojin.0703,,103,34,,,,,,,,
45919,shanmei511,2019.06.29 ??❤️‍?95,261,,,,,,,,,
11800229534,richjmin2019,"This is Jamie.
먹고 즐기??랑?라.
방랑먹보???별??매일",90,36,,,,,,,,
5573270284,seojin_hair,"???명만을 ?한 ?라?빗 ?약???어??
초록창에??""?하구서진헤???검?하?요?",,,,,,,,,,
"?cat.jjin""",57,57,,,,,,,,,,
26763196694,joayree,"?떼?끼 ?토?? ?유그림, ?누??? 책을 기록?니??",117,123,,,,,,,,
5408603700,kossam75,"[ #?마?장?쫌지켜줘 ]
#?바?#?파?치맘?#브런치연?작가 #출간??
#?상 #?행 #?진 #고양??공?1??[ #공감?뜻?동??]
공?2??[ #글?파?편?점 ]
#???는?학??#공감글
#???과?행?? #?세??#초록?의출간?야?#?,238,352
5650086353,hey_j_u_n_i,?ᅡ?ᅳ???ᅢ?ᄇ?ᆨ?ᅡ???ᅡ?ᅡ???️",,,,,,,,,,
?ᅩ?ᄋ?ᄒ?ᄂ?ᆫ ????ᅡ?ᅧ?ᄉ???ᅡ???ᄋ???,,,,,,,,,,,,
"??ᆼ??ᄉ?ᄌ?ᆯ ?""",137,553,,,,,,,,,,
33411760899,y170404,,4,6,,,,,,,,
9265440609,midorijinyoung,"충남?진?서 9?????매? ?원?활 
?아?통,?원?활,#?매?아,책육??#명품가방후?본업?명품감정,명품매입,?탁,?매
#?넬#구찌#루이비통#?생로랑#지방시#로렉??까르?에
#?이버에 #??75~ ?제??문의주세??!! 
#?진?#고??#?원?활 #?원?아",107,27,,,,,,,,
33280983180,whsimple484,모두 ?복?시?바랍?다~??59,150,,,,,,,,,
1940726846,bomi_leeboyoung,"*보? ?심개시 - ?리?솥비빔??육?솥비빔?
(?성?로 ?운 ?기????채???마김?.)
????662번?    ?요???니??,379,395
1618754452,dosifamily,,441,285
9941612542,poem__dawn,[Aroma de la memoria]",,,,,,,,,,
?상:@jw_dawn,,,,,,,,,,,,
"Spoon/dawn.oh""",89,61,,,,,,,,,,
5314756081,im_choumong,"?슬기로??칼림??활 모집 마감 
?️본캐?찾아?💃??️그림?감성?라?스??| 리본???리?트
?️블랑?슈 @blanc.choux 
?️?날로그 감성, 칼림? lp, ?콤?꿈?방",227,228,,,,,,,,
5324528017,yoony7595,그냥.처음?로.?아갔으?.,560,667,,,,,,,,
4004060593,kuyoon2115,,57,50,,,,,,,,
7259010141,kimys0718,"#?마?독??#?마?영??#80?숭?띠 #?????엄?#?리?담???#중등교사2? #?루?선??#공??는 ?자 #?회복???#?악교사?   #광주교육?트??#맞팔?팔?영 #?아고?공유
 
  ??링크??어?세???",151,269,,,,,,,,
38331022194,busanvox486,,21,36,,,,,,,,
39442821927,lovehappy_mikala,"Michaela 
?랑?니??감사?니??축복?니??,46,29
2164856796,1010ori,최??스?치 ??? ?둥???마""",434,309,,,,,,,,
39747257013,dabang_2020,"???방(?房)??메뉴??바로 ?신?니??
?나뿐인 ?만???tea)?만나??체험??콘서??공연문의? DM / theater.yun@gmail.com
 #체험?콘?트 #꿈다?#?규모공??
꿈이 ?는 곳? ?디??찾아갑니?? ????꿈다?ver.?택???청마감!",90,239,,,,,,,,
5994591522,jubin_oh81,#?인??인맘일???딸??상#?통#맞팔#?라??197,181,,,,,,,,,
1907849066,hyeo_mins,"""?다구리?스?""
??꿈을 꾸기?작??(?하??아?고,공??며)
""?통??로???께??"",508,392
1966818416,_soyeon0206,?ᅨ?ᅮ?ᅡ???ᅥ???ᄂ?ᆫ ?ᅮ?ᅵ ??ᄌ?ᆼ ??👩‍👧‍?208,352
3955394870,jung_jjin,#busan_jingu",,,,,,,,,,
#?리를외치자,,,,,,,,,,,,
"#부?롯?자?언?#2020??#가?야?#?해보입?다""",170,217,,,,,,,,,,
1466348149,iamjjmom,https://youtu.be/RBZwheaygic,217,98,,,,,,,,
3527954026,jiji0486,?범?????감사???상^^,61,97,,,,,,,,
25932807980,eunae4648,"from mere love it
?ᅢ???ᆨ????ᅱ?ᅣ??게으른엄??ᅵ???ᆼ ??ᄅ?ᆨ ?
:)",66,366,,,,,,,,
3101986424,gwagseonnyeon,"?마??365???기:)
꽃길???라가?보다 ?? 걸어?길??꽃길?되?.",336,574,,,,,,,,
37464629937,cheer_graphy,"캘리그라?꿈?무/?원캘리
#배우?중?니??#캘리그라?성?기
#캘리그라??#?묵캘리그라??#?묵?러?트 
#캘리그라??귀?기 #좋?글귀
#?#붓펜 #?펜 
#?화 #명???#??#?래 #?#?이?드?로 #???캘리그?피",141,215,,,,,,,,
1926935925,hammurabi_xiong,"?40?ᅢ?ᅮ?ᄂ?ᆫ?ᅴ  #?상 #?바보그??
?#만들??ᅪ #?핑 #?행 #?물 ??ᄅ????#?랑??  ?ᅳ???ᅩ?ᄋ?ᄒ?ᄂ?ᆫ #?함 ?ᅩ?ᅥ?ᅵ?ᄂ?ᄃ????ᆼ??ᄃ??#구리???ᅥ???ᆯ?ᅩ",424,300,,,,,,,,
8386660500,poangel_jm,?는 _,40,52,,,,,,,,
5557123432,hi_hayeony,,544,224,,,,,,,,
2982523,seinejin,,253,140,,,,,,,,
6783033854,jungyoojung34,#김?곤?수#?성?이?즈#?구#?팬?영#?행#?상#?킹?건강,158,209,,,,,,,,
1808407795,osj8574,"85??7??4???수??13??10??19???서방??프
16??10??11???수?마",579,388,,,,,,,,
1580134724,kooogss,,438,383,,,,,,,,
4050390671,kkwang8e,"#LGD#LGDISPLAY#로뚱#부부?이??#?파??#리파?드#캠핑
?????♂️🌞🍺🐓👨‍👩‍👧‍👦✌?",78,105,,,,,,,,
3990620568,cmk4496,"먹으?다?는? 
??다?는?
?행가?거
조아??,284,110
1411563473,katherine.na,2013?생 8?아??Jacky맘?2018?생 3?딸 #Lily???????",,,,,,,,,,
?행?조??#?행??그램,,,,,,,,,,,,
"#?아 #?행 #?상 #?리가족👨‍👩‍👧‍??기""",494,175,,,,,,,,,,
1537468456,tiger_june_l,,296,246,,,,,,,,
3178923966,kkh.key.kjw,,441,430,,,,,,,,
2660447534,moi0045,,188,274,,,,,,,,
16137272458,lsaabellaa,?리?,204,234,,,,,,,,
1725585228,gounjeon,"고??꽃?경??사???고??즐겁?건강??#usanalifestyle
#미라?모??#?기개발 #?서",634,148,,,,,,,,
3790889947,aeng_84,,65,28,,,,,,,,
4160193817,joyandtop,,91,289,,,,,,,,
1809460230,gd113,,421,454,,,,,,,,
5761376175,lovelylpink,"?십? 진입?
공? ?온 ?이?맘???🔬👩‍👧‍?‍??통문화?중요?하??발레?는 ?자?????반짝?는 ?을 ?해 ?상 기록 중?,163,118
3038557249,_hanheejin_,??아?엄마의 쿠킹?우?? ",,,,,,,,,,
 ??웨?비지?스 ??8??리명장,,,,,,,,,,,,
?͒◡??카톡yam0525v,,,,,,,,,,,,
-,,,,,,,,,,,,
#?쿡?시??queencook#집밥,,,,,,,,,,,,
#?아즈쿠?하?스#seAzcookinghouse,,,,,,,,,,,,
-,,,,,,,,,,,,
#?품문의dm,,,,,,,,,,,,
#amway,,,,,,,,,,,,
#?입?파?프?인,,,,,,,,,,,,
-,,,,,,,,,,,,
"#?상 #?일?#?아 #?서""",334,156,,,,,,,,,,
19792016708,edc1599,##?로????마세??1,24,,,,,,,,,
38726502805,youngani82,"7??로거??4???러??
#?들??그램 #?제??그램 
#?들?아?통 #?들?#?들?아",122,67,,,,,,,,
5668005287,victoriassun,,62,137,,,,,,,,
7939983482,jungin_yoo,"뭐라???고 ?어?
#?아#?상#마흔그램#7?그??,606,100
1546538698,shilovesian,?너?이? #?블?그리??질체??#?아무식??지?의 콜라?331,116
1040871930,leehj5,,246,193
3244788475,gangyumi3993,""??수?믿으??그리?면 ?? ?집??구원???으리라"""" ??👩‍?",497,221,,,,,,,,
1709207347,282kang,#ROA#RORI#?들?나#?하???매?181,137,,,,,,,,,
11697664020,2in2hyun,,29,10,,,,,,,,
1698988055,gyuna_kim81,"규나??준?이???주???서?❤?집밥과육???리??야?,398,103
23142153787,bookcaravan,?행??서! ?리??아가??는 ?유!,87,4
1803063913,choihoseb,,187,299
11398650718,kyj02200,,56,40
1449563483,harinyerinappa,""Thoughts become things.""""""",490,368,,,,,,,,
6981677199,yang_hui_1217,#?즐??#?하??#?아?맘 #중딩?#초딩?#?치?95,124,,,,,,,,,
3046645641,manseog_goon,만석군이?오,63,270,,,,,,,,
13920508263,hanyuni1,"김경무 ?내 김민?,김민욱?마???상??~가진나!",45,32,,,,,,,,
32901836012,namsangunni,#?네고에?#???언??#?러?트 #?세??#?재#?????하지?습?다 #?????,59,80,,,,,,,,
35774217483,charmsae_made,"?요???침??부?해 ?약
?제?까???드?치.?시??02.991.8121",54,1,,,,,,,,
5444415429,rinhyunsunhoon,6?터???매???경기광주 맘♡???아?통 ?영?요?♡,206,209,,,,,,,,
2529903077,midoong8379,5?매 ?둥???킹맘??트?스 ?소???링/?행/ 맛집찾아?니기❤,649,293,,,,,,,,
38566915159,my_bohum,"보장? UP~ 보험료는 DOWN~
불필?한 보험 ?리 & 보험??약
무료?담&DM?영
?직??지?에?! & ?직???쇼??!
?직???마가 관?!
?제???스?보험??약?자",70,18,,,,,,,,
1559404785,lkdnjs,,126,378,,,,,,,,
1416580704,one3539,?루가 주는 ?물..??567,323,,,,,,,,,
1829374408,salon_demain,?다그램,79,86,,,,,,,,
1970422940,vip9842,"?당?줌,?상,?? 
?아?엄?
2018.12???동?작
?신과의 ??.?이?터
?을?요 ?퍼?월",253,278,,,,,,,,
2253776607,ryu.go.freedom,"#?매?#?ᅭ?ᅵ #주?그램 #??ᆫ??ᆼ #?동 #?ᅵ???ᆼ #?ᅲ?ᄋ??#기니?그
?️???? ???~
?행복???만드?것.
??상?감??
??👩‍👧‍??,407,461
1031390255,rachel_youngeun,?랑가?한 ?이??니?? Cooking", Coffee ,Tea, Baking, Sharing," Music. http://blog.naver.com/cimple_zau""",667,470,,,
27707326269,hawhy20,"???hawhy ?세?입?다.
?이???우?글?고 ?행?며 ?상???구?니??
taijinaele@daum.net",57,48,,,,,,,,
3217496346,ran__81,"?내 ?? 가족들 Cat???랑???솜 ?이 ?늬 강이 ?늬?
?반?동물? ?랑?니?♡",368,374,,,,,,,,
15364142852,dreamingdolphin_2015,"?들??께 ?는 ?빠?고,
??기? 글?기?좋아?니??",41,32,,,,,,,,
1763131913,baeminsu81,#미도과학 #과학 #과학?험 #??교?험,248,687,,,,,,,,
8664936305,jeju_japari,"??ᅮ?ᅦ????ᅢ?ᄇ???ᅥ?????ᅢ?ᅩ??(?ᅦ?ᅮ?ᅵ?ᅢ ?ᅵ?ᄋ?ᆸ??ᄂ?ᆼ)
?KCDC ?ᅥ?ᄒ?ᄋ?? / ?ᅢ?????ᄅ?ᄑ??2??ᆸ?ᅵ?ᅩ?ᅡ
⭕️ ?ᅡ?ᅩ??[?ᅦ?ᅮ ?ᅡ?ᅡ?ᅵ?ᅩ?ᅥ]?ᅩ ?ᅮ?ᄋ????ᅡ?ᅩ???ᅡ?ᅩ?????,385,73
23052347914,perry.0813,,25,21
1695468671,ggojung82,?수?임??캐리?네?택 ?린?집?임??반려견인?표",,,,,,,,,,
출처 : sunsa0911 | 블로?,64,134,,,,,,,,,,
2435812107,ssongma,"#마크?메 #강화?마?라??마크?메?구?회(IASM) ?속 강사
마크?메 계정 : @macrame.island
?
?후?매??#?마
?직 ??로 ?아가????,574,543
2896513453,jisun.park_1012,?바디코어루틴~?️‍??",,,,,,,,,,
?비우?채워지????️‍???멈추면 보이???~????,522,331,,,,,,,,,,
8172380908,kkongkkong0625,"먹고?
즐기고??랑?고??취?부???식?취미??+?+?",55,70,,,,,,,,
9185784607,likefeel25,,189,360,,,,,,,,
1344710124,oenomel.h27,?? ?한 공간???연??랑???당???소???상 ??기쁨??즐거????픔???나?것??그냥?것??모든??감?이??,87,200,,,,,,,,
5858630726,happy_jjoy_1212,"#?주?벌 #?이?트코치 #???형
#?트?는?#?양?담 #?전????#건강?게감량?자?
#?생?마지막다?어?????리 건강?운?ㆍ?간?? ?께?요?
#?이?트문의 ???
⬇️?시??픈채팅 ?⬇️",479,341,,,,,,,,
11857031407,nsj02217,,99,51,,,,,,,,
1082207676,woozoobee,#daily #food #welshcorgi #dog #cat #pet #music #producer #fashion #private #film #camera #?진 #guitar #?야?#먹방 #반려?물 #반려?#반려?@wzb_official @wzb_style,221,197,,,,,,,,
9125664317,seoryung_artist,"?중???람?을 ?해 ?성?만들?드립니??
.
.
?? ?이?어????
?? ?령?퍼 ?️ ?트?서???로 ?호변경되?습?다.
?? 주문>결제>?업>발송
?? ?작 ?발송까? ?균 2???? 배송기간 1~3???요?니??
??담: 매일 ?전10???후8?까지 가??,200,333
5431700786,vanillaminha,,391,197
8023890522,oneulhappy,?울??고단?을 벗어???골???리??소????.",,,,,,,,,,
주어??늘 ?루??중??, 감사???아가?그리??리 가?이 기억?기..??_,,,,,,,,,,,
?직 #마??기?자,,,,,,,,,,,,
?직 #카페?는?자 & #?늘?기,,,,,,,,,,,,
like #?진 #?래 #?구 ,,,,,,,,,,,,
"_""",249,98,,,,,,,,,,
34002934157,hyo.j813,,93,38,,,,,,,,
4487324452,roseline_0202,"?루?루 ?심???고?는 ?!???천??.부?거?직장?부??중?역.
?킹?맛집.?제맥주?.
?이?리.?트?.?기??문구?책?reading?.?통",138,149,,,,,,,,
4093369247,suminvely_0,"?르??름밤처?⛺
??????르르기를😀
????
#?계?주 #?잉??#?닝",96,83,,,,,,,,
7132744712,migyeong5683,#그림#?행#baking#가??드메이???리#?식#?트#?바?질#?본??55,63,,,,,,,,,
25707152969,gimhayun459,,122,47,,,,,,,,
1966194507,sunny_jjang_jjang,,94,89,,,,,,,,
27301022435,jimiran1024,?름?운??미??학,224,235,,,,,,,,
3216117020,lyl1126,"?소??'?의 ?루'???하???중???쁘??진첩으?만들?보기?.
갈수??아?기??는중🤣😂?< 2018??5?생 ?맘 ??👩‍?>
.
??부???팔?는 맞팔 ?해?🙈🙈♦?,264,242
2230282764,j_____.in,??????무것도 ?루??지 ?는?는 ??? ?아",,,,,,,,,,
"???걱정???모든것? ?벽?게 ?루????수밖에 ?어""",17,215,,,,,,,,,,
1699233691,jjokko_,"?????????? 
°?교?이?먹?이
°?박??즐거?
°Here & Now???????
????????
????????
#?아?상 #???복 #?플?삶",627,190,,,,,,,,
39858644087,jsinbook_official,"??ᅡ?ᅡ?ᄋ?ᆫ ?ᅢ?ᄋ?ᆯ ?ᅡ?ᄃ?ᆯ????ᅢ?ᄋ?ᆫ ?ᅡ?ᅡ?ᄋ?ᆯ 만든?? 
?좋? 글귀 / 문장 모음 ? @jsinbook
? book@jsinbook.com
⬇️<?사?집> #?육?이?탄불에물들??? #?시?집 ?
⬇️",214,1,,,,,,,,
27779352975,nabirubook,"?울???파??림?로 10?40
?소 ?용 관??문의: ?스?DM
nabirubook@gmail.com",353,255,,,,,,,,
5571395854,ulria_shy,"14?생 ?하????과 ?소???상
책읽???마/?서기록/?각기록
?? 찾아가???정/?글?기.?만?기/?디/??교??차분?게.과하지 ?게.?리??,142,139
8342601707,sensitivealice,? 책을 ?으????신??만납?다.",,,,,,,,,,
#글???면 마음???안?요,,,,,,,,,,,,
"#?과 ?람??'마음'??관?이 많아??#?르??아보고 ?어??#?춘기딸???어???생???이???요 ??""",115,151,,,,,,,,,,
12853099461,yeonhee_home_,"2016.12 ??
2020.2 ??
1981.    ?????♂?말조??개조?⚠?,36,35
5775545087,shiny_gyeom,?매??즐거?일?? ???안?요.?친?????이버에 '#?상찬송'검??지?이가 ???😚?#?종?이 ?️ #??고지?단 #?토",,,,,,,,,,
#간호?전??양?담 #nutrilite ,,,,,,,,,,,,
" #youtube_link ??? #?콩?콩 검??""""구독""""""",626,158,,,,,,,,,,
1470905961,hellosweety_hs,,612,222,,,,,,,,
4397442941,soybean80,"??상???누???고 ?고 ?각?는 계정? ?⬇️
@jinmarim",119,77,,,,,,,,
1669018051,rna7490,??love house?,250,194,,,,,,,,
2110578684,jinojinojjang,#조종??#?남?#?빠 #?씁?후,397,143,,,,,,,,
6789441512,yunmi.cho.980,,154,527,,,,,,,,
39859820865,yeunjilove,,78,30,,,,,,,,
2351010551,yojini1029,"#미국?활 #???? #미국?는?국??
#?베?킹 #?제케?크 #?빵??#?티??
#마카?#????#?시??#??메??#집밥
#?영 #?스 #?전?#?이??#?어공? 
 #?집?그??#고양??#길고?이 #?이?좋??절??부지?히 배우리♡",104,82,,,,,,,,
6702819127,miyoung_0426,"?2012.7.20 PM 4:08/2.92 
?2016.9.12 PM 5:41/3.19
?아??그램
줌마??그램",140,92,,,,,,,,
7553896108,k.subway,,12,8,,,,,,,,
3414008918,machiken_,,32,15,,,,,,,,
37495106769,ddula.ma,"?자? #?킹??상??꿈?⭐이루어진다.
   #?이??망생 ?연",54,31,,,,,,,,
32017811010,stroke0142,좋??도 ?고 ?쁜?도 ?거???생???망?? 말자,134,199,,,,,,,,
4267167804,yun_____jung,,214,168,,,,,,,,
38281413696,assa.zip,"처음 ?아보는 ?늘,
?으?보내??,269,3
2078223175,bohemian_x,김???통 ????코?힐링센??@hankookecobio",,,,,,,,,,
"producer #bohemianx""",289,236,,,,,,,,,,
18134251533,byoungim229,?늘? ?? 1????그리??? 감사?,126,78,,,,,,,,
407371083,_the_janne,??ᆯ?ᅳ?ᅳ???ᅡ?ᅡ???ᅵ???ᆼ 記錄.?주 ?이??,149,57,,,,,,,,
10716657568,yujonghyi20,,49,30,,,,,,,,
8434204287,today_happy_3,?존??업 no.1                                                                               ?존??업 no.2 2019.07.19. -  강하????라,52,119,,,,,,,,
37612104284,_oczman,"Korea W/H (EL) Server General Manager.
40?의 초보?전 컴맹???기??,385,349
6061028001,inajoa0919,,117,150
8338206744,baekhabi,?소???상??콤???행",,,,,,,,,,
?이? ?께 ?복?게 : D ,,,,,,,,,,,,
#책육??#초딩?아 #??? ,,,,,,,,,,,,
#?상??그램 #북스?그램,,,,,,,,,,,,
"#?스쿨링 #?이??행 #?서""",51,70,,,,,,,,,,
2243592414,leesoujin11,"2020... ?내보자??
#?둥?#?킹?#마흔 #?일리스??#?하?엄?,276,172
1693721347,bynw02,,495,447
11665221331,bbo.kim2,,15,19
2092947987,belbong2,블로그에 ??오?요??191,404
18592520733,bookbada,?북바???비??재?",,,,,,,,,,
?진짜 ?고 ?진짜 ?기?,,,,,,,,,,,,
?부?계정?부캐는책만.,,,,,,,,,,,,
?종종 본캐?장.?ㅜ,,,,,,,,,,,,
??상과독?의조화,,,,,,,,,,,,
"#?책리?책스?그램#북스?그램#비??재#비?#?평#바다#?다른나#부?진짜?기#?들??르?나#?면#거리?기#비?#기다??상#?서#조화""",211,138,,,,,,,,,,
1995150525,uniyoung_ceo,?????작,461,363,,,,,,,,
8391830419,cashy0109,?의 질을 ?리?데 관?이 많습?다. ?미래 보다 ?장 ?? ?????는 ?천??무엇?? ?각?고 ?용?려??니??,24,17,,,,,,,,
8030045956,ckh1982,,229,302,,,,,,,,
7695108923,text_ummni,"글???무 좋아 ?ᅩ?ᅵ?ᅳ???ᅢ?ᅩ ?ᅳ?ᅵ?ᅳ???ᅢ?ᅩ ?ᅭ?ᅧ?ᄒ?ᆸ?ᅵ?ᅡ. ? 
Copyright 2020. ??ᆯ?ᅥ?ᄂ??All pictures cannot be copied without permission. ?명???상 ?야기⏯ @lillu9907",23,45,,,,,,,,
5334015453,viviana0404_,"반짝반짝 빛나?? 
?리 모두??빛나???외.
?마?람???기??",170,301,,,,,,,,
12011937146,park_yun_kyung,,58,59,,,,,,,,
1192146836,won_ss,,623,210,,,,,,,,
8955630431,queen80fly,#?행 맛집 ?품,4,21,,,,,,,,
7942829387,kyulinlin8477,"미술?리?담, ?채?리?담",66,101,,,,,,,,
5592570089,born_to.run,"Competitive runner
World traveler
Poker player
Utah hiker",550,493,,,,,,,,
7102852994,hyeyoungkim_1982,,64,50,,,,,,,,
4820365605,yum6343,"#먹방#?상??그램
#?스?그램
#?주??그램
#맛집??그램
#?이?리??인??
#마흔
#81?생#??#40??#?산#??바리
#?록??동#고잔??중앙??#?록?역#????중앙??#직장??#?술??그램
#?밥??그램
#?카스?그램
#?혼?그??,177,71
7733510177,seok313,??산???장?서 ?스?",,,,,,,,,,
    ?️ @jin.minseok_official,,,,,,,,,,,,
#?장? #?서? #책쓰기✒ #건강?,,,,,,,,,,,,
#그레?스_?스?브?딩100?프로젝??#르네미안 #?레?레?서코칭??,,,,,,,,,,,,
"#mkyu #CIO2기?#감사?트그룹??""",260,125,,,,,,,,,,
34952366334,dinovermom,"?리??시콜콜 #?상?야?#?즈???꿈꾸??,254,246
2258389190,ooooook_s,,159,102
3282188,freerobyn,Born in ?? lived in ?? ?? and ?? and now in ??,272,306
1564857873,hyunhwa.gu,민재?장?기? ?상,223,218
3283577167,kayeon_74,??기??/ ?적??공간 / 기록",,,,,,,,,,
?🏻ᄉ?ᆸ??ᆫ?ᅥ?ᄒ?ᆼ / ?ᅮ?ᄃ?ᆼ / ??ᆼ?ᅮ / ?ᅩ?ᄉ????ᅵ?ᄇ?ᆨ?ᅵ?ᄒ?ᄂ?ᆫ ?ᅧ?ᅡ,,,,,,,,,,,,
???ᅵ?ᅵ?ᄋ???ᅡ?ᅥ?ᄋ?ᆫ DM ??,678,235,,,,,,,,,,
39363122340,written_byp,??진/글? 개인 창작물이므??시 ?려가?다?출처 밝?주세??112,90,,,,,,,,,
316022479,fortune21_,"?? ?행?다 ?️
??많? 백수 ???가 꿈인
매일 ???? ?범??직장??#iPhoneXSmax #V50 #LX10",386,349,,,,,,,,
1939426113,jusildoho,,395,606,,,,,,,,
9951665889,zziny9132,#?동?는?자 #배드민턴 #고기??그램 #sales #?견?통 #?행??그램#?상 #먹스?그램,470,350,,,,,,,,
6203965858,gradosyr82,,16,16,,,,,,,,
3137239025,readlistenrun,???문장??547,0,,,,,,,,,
1057618520,minamorrie,"Don?t question yourself??
밥심??심???????
#?리?#?서 #채식 #명상 ?",102,88,,,,,,,,
9441842072,artist_jeongmin,??ᅵ?ᅣ 2010.1.21,200,161,,,,,,,,
1589572629,j____h_2218,,318,290,,,,,,,,
6987871568,soda728,"지극히 개인?인,
?소???상???복 & ?랑??:D
?통 ?하???친, ?녕 ?",456,311,,,,,,,,
5829461656,one4041126,,62,531,,,,,,,,
3596424,fingeren,"Writer and ... 
#?시?? #밥잘?먹?누??#???#카페??#빵??가?? #?극 #?화 #?시 #?#방송 ??????설",656,248,,,,,,,,
7577959915,junjun_hoya,"#?들?맘
#?아그램
#?킹?#?쿠?그??#?드메이?손?개",186,113,,,,,,,,
4778953259,ojeongseung1,Mazara-o,119,134,,,,,,,,
5735923838,holdn02,,88,89,,,,,,,,
278383869,yj0539,"개인??추억???기??공간
(가? ?동? ?행, 맛집 기??등)",322,195,,,,,,,,
865586,k__yoojung,?정?️지??                                                    보리?방울?바니??투?깡패??투??삐?,322,177,,,,,,,,
1418456303,sbfox82,?따??J-yoon~??136,224,,,,,,,,,
13459462772,anger0628,,49,34,,,,,,,,
1005166287,mytalldream,"김미영
?이?마??치과병원 ?장
?키컴퍼??마????국?료경영교육?회 강사
?랑?는 ?마 ??멋진 ?내
???들 ?마
""?자?적 ?고??자.""",548,416,,,,,,,,
3937982636,justbecuz_29,".
.
.
.
.
.
.
.
.
.
.
.
.
.
.
#?상 #?리 #?식 #?행 #??#?잔
#?상??그램 #?리??그램 #?식??그램 #?행??그램
#?스?그램 #?잔그램",113,237,,,,,,,,
3566071302,lallalla81,?소???상?의 ?복??,,,,,,,,,,
"?상?캠핑??행??식??서?️""",197,77,,,,,,,,,,
7728593264,kkang633,"모으?모아 ~ ?쓰??? ?는 ?간 ?로받았?요???는 ?간???로가 ?길
?울리는 ?진 찍기",226,239,,,,,,,,
8220859580,oh_cyan,#?화 #골프 movie ? scenario?? production ? #?️____?️‍♂?#golf,134,120,,,,,,,,
2385027556,minju._.2003,2003.08.30,260,188,,,,,,,,
37312241793,snowchild_yuki,"ର଼଼ଓ_?일 #?신???랑?십?오#?나?의 ?품
#?낌#?옹#?연#?안???름?운_ର଼଼ଓ",23,15,,,,,,,,
6564387326,bronze_young,"?행, 캐라?캠핑, ? ?이???? ?킹?그리??래 ?수 ?는 물건?과 미니멀???활??꿈꾸???소???야기들",113,698,,,,,,,,
1471510791,92.young,"?범??
?상?인.
??에???복??.?",348,420,,,,,,,,
31001953489,jhyoung968400,,73,29,,,,,,,,
35322742889,fitness_yd_soo_coach,"?스?레?너,?스pt/??강사vira???슨,?산부??,
?트?스?? ?규??그랑?리?
?트?스?? ?규??1???트?스?? ?포츠모??1???덕광천?온? 4??트?스?터?️‍??경북 ?항??북구 ?해???덕?80-25
??054-242-0099 pohang",208,346,,,,,,,,
3814272604,azul_lluna,?ᅥ?ᅵ. ?ᅢ?? ?화. ?악. ?ᅡ?ᅡ?? ?ᅩ?ᄌ?ᆫ?ᅡ?ㅡ ?ᅡ?ᄁ???,178,432,,,,,,,,
2322755483,faceeroo,?? 바이??222,103,,,,,,,,,
29876306886,jay.piano88,"?악, ?래?좋아????숙???기가 ?어?????마 배우??작?어????? 배?? ?다????상??보이??어???
?상??모든 ?주?찾아??보고 ?고 즐기??어???
#MKYU #?정??생",93,173,,,,,,,,
2092720413,jiwon_sonn,?사???상기록? #?직??혼?,119,447,,,,,,,,
38179758616,jeonju_lan_coach,"[?니?랜?상?소]
?답?고 ?상?때 ??? ?요?때 ?래 ?픈채팅방으?문의?기!!",14,7,,,,,,,,
34607396664,minluv0807,"???가??말기.
뼛속까? ?유로워지?",213,166,,,,,,,,
8476437103,smile_hyungu,꿈꾸??배나??????^,55,44,,,,,,,,
8091757562,goto_nakta_handmade,"? ?막?서 ?아?스?만나?? ?
?️ 카톡 fkfk76@hanmail.net  
?️ 1:1 개인?더
?️ ?프?인 ?영???께 ?기?? pm 10?????담가?합?다.",116,155,,,,,,,,
21668693397,yieun_81,"2020?? ?한?빼보??!!!
?일?는 까이??@oriental_gina
?욧?는 까이??먹기?해 ?동?는 까이??,79,101
3007605271,contax_7,?ᅩ?ᅳ??. ?ᅢ?ᅵ??_",,,,,,,,,,
그럼?도 불구?고,,,,,,,,,,,,
"#?ᅩ?ᄐ?ᆨ?ᅳ?ᅢ?ᄌ?ᆼ #구?로컬맛집""",609,635,,,,,,,,,,
8887790223,hyun_a5500,"????,77,85
2243520086,yhkim0071,?로?니??람?다^^",,,,,,,,,,
?? ?랑?는 ?람,,,,,,,,,,,,
YB광팬,,,,,,,,,,,,
금곡?주민자치센??출강,,,,,,,,,,,,
구운?주민자치센??출강,,,,,,,,,,,,
?원??문?센??출강,,,,,,,,,,,,
?때??데?클?스 강의,,,,,,,,,,,,
?마?문?봉사,,,,,,,,,,,,
카카?톡 : bombom 4354,,,,,,,,,,,,
무단?용금? 변?금지,,,,,,,,,,,,
"??국캘리그라?디?인?터 ?속 ??""",305,289,,,,,,,,,,
24766366208,sun_mi_y_81,"?
?
1?ᅩ 14?ᅦ??
2?ᅩ 10?ᅦ??
?
#?ᅡ?ᄆ?ᄉ?ᄐ???ᄅ?ᆷ????
#?ᅥ?ᄉ?ᄐ???ᄅ?ᆷ?
#?ᅵ?ᄇ?ᆸ?ᅳ?ᅡ??ᄅ?ᆷ ?
#?ᅮ???ᄐ???ᄅ?ᆷ?
?",57,49,,,,,,,,
8178127812,nasogyumama,,126,128,,,,,,,,
34568154245,jumping.diet.fit,"#?빼고예뻐짐?핑?이?트 ?서
#?핑?이?트 ?#?빼고예뻐짐 
#코치 ???적???한 불필?한 
#?단??품 강매?반??니??",84,205,,,,,,,,
9438178369,yeonbin86,"2018 -12-23 ??
2020 -08-10 ???👩‍?
??(????쭈니? ?께?는 #?아?상 ?︎",225,88,,,,,,,,
6950335731,toto_abang,"?랑?런 강블리네~~~?♡?♡
2015.04.25 am11:13 4.06kg
2019.01.29 am11:38 4.28kg
광고???중??거절??니??^
?아?통 ?영?요^^
#?주 #?아 #?행 #먹방 #캠핑 #강블?,237,254
7030510580,tough_choi,#?번째스무살 #?직?신?인?#?평군? #?수교사 #??시 #?랄??#?자??빠 #G4?스??#캠핑 #?연?양림?78,46
4074688994,gaeddong8181,,104,190
23815227123,two_yul_mom81,,22,24
3470935690,s_young_discovery,,112,235
6187031336,lugh_quinlan,徐賢 Hyeon Seo",,,,,,,,,,
?울??교 16?번,,,,,,,,,,,,
Tír na nóg,,,,,,,,,,,,
"#?회복무?원 (~2021.04.09)""",338,283,,,,,,,,,,
1653181256,able____jk,"?내? ?들??께 ?주???아??
?른 ?낌??공간 @mua___jk ?이???진?@juns____eyes
?이????터  www.tiktok.com/@you_____________jun",553,241,,,,,,,,
2247710936,youni105,"#?양??.. #FoodStylist .. 지금? #?딩?
#?상??조금 #?별?게 ?는 ?. ?
??좋? ?들??께?는 #?간 #?식 #?야기들~
?? ?각?는 #?복??.. 
""마음???화""? ""?중??가??을 지?며 ?는 ?!!""",247,357,,,,,,,,
6169575219,pax_usa,"?신 ???고??니??
?우???니??",218,504,,,,,,,,
3321143198,anna.s_kim,"??ᅡ?ᅡ?ᅵ?????ᅩ?ᄒ?ᆼ?ᅡ???나s
@moms_books_?ᅩ?ᄉ?ᄆ?ᄋ?ᆷ
@with_thebible?경?기
@calli_annas 글?쓰?@lovekids_annas?ᅳ?ᅢ?ᅳ?ᅳ
@motherwise_cincinnati?ᅡ?ᅥ?ᅪ?ᅵ?ᅳ",210,240,,,,,,,,
2167175198,son__mi_young_,,233,291,,,,,,,,
2891737078,je_o.ov,"14.06?생 김미소 (?? 미소천사 
16.08?생 김?호 (?? ?호천사
.
#주??요리영??주??요??매?상????",593,207,,,,,,,,
2057800236,choonarara,,51,93,,,,,,,,
2906658318,chae_won2_,,121,227,,,,,,,,
7649656056,dain_xoxo,"?통 ??영? 
부?? ?해??~ ?",266,216,,,,,,,,
1535727489,ssun8202,"??수?찾는 ?#결혼10?차 #?매맘?
#?제?밝??#39??#army #보라??,119,180
7486619153,pop3405574,,27,240
1680336300,jhjl5v2,Immanuel?,182,157
6226598289,sj_wife_,캠핑?", ?화?, ?행?, ?고? 먹기?, ?상?, 취??, ?잉?, ?쿡?, ?카?☕, 카페?어?, ?소??
"?상???행처럼~?""",167,107,,,,,,,,,,
5629136469,morningbbang0366,goodswing,189,299,,,,,,,,
1816688881,zzoom.kim,?라차차,109,105,,,,,,,,
5786924248,igimmei,,112,52,,,,,,,,
7030982921,ahnjungmin1218,"#?줌마디?이??#?자?네??기?#추억??소? 
#?들??그램?? #?남?랑?는법❤?
#캠핑??그램??#?상??그램?️?",107,117,,,,,,,,
1172636494,rajamae_,,235,106,,,,,,,,
211737725,jiho_jiwoo_,"?120324?141018??01172304??02270902
??👩‍👧‍?🐷🐔?,114,104
1588924580,nature_mhs,?ᅡ?ᅧ?ᄃ???ᅩ?ᄋ?ᄒ?????ᅥ?ᄃ???ᅩ?ᄋ?ᄒ?ᄋ??",,,,,,,,,,
??ᄁ?ᆷ ?ᅩ?ᅵ?ᅢ?ᄒ?ᆯ?ᅵ ??ᄅ?ᆸ??ᄃ???ᅡ??ᄋ??.,,,,,,,,,,,,
"#?ᅡ?ᅧ???ᄎ?ᆫ?ᅡ?ᄋ?ᄋ??#?ᅮ?ᅵ?ᅥ?ᄇ?ᆼ #?ᅵ??ᆯ?ᅢ?ᄒ?ᆯ""",437,314,,,,,,,,,,
9417632120,jang_kyoung_soo,"?이 ?? ?르??또???을 ?르??..
???
???
???
#?신못차리는 #?시?기 #?들밥오 #8?아??#초딩?들 #뱀?아???나??#마흔 #반팔??#?주매니??#?스?그램 #?들??그램 #?이??#?이?매?아 #?이?키?#맛집? #?만?는걸로",103,47,,,,,,,,
1518142044,juhee807,,461,396,,,,,,,,
38897405059,ch_choi1112,,22,10,,,,,,,,
7150262515,juyoung.park092,"?녕?세???니?니??니??^
?곳? 추억(?상) ??소~???쁘??복??좋? 추억??기?",104,76,,,,,,,,
2138838623,momtalkbooktalk,,274,281,,,,,,,,
1566068360,wkdwndus96,,210,266,,,,,,,,
306767664,parksville,,432,587,,,,,,,,
3117783619,kimhyunha0628,괜찮? ?생???아가???????족?45,62,,,,,,,,,
9138189835,wodengnin,,62,202,,,,,,,,
39651533743,rotte0405,"??고?????상
???기
?기??카메????
?공? 
??서 취?
#?기??그램 #?상그램#책스?그램 #?서#?고???로살??본캐?부캐사??,14,22
1423245954,seowoo0729,2013", #?물,,,,,,,,,
"?들??께?면~????????????????""",156,237,,,,,,,,,,
4677655037,kkong6700,"??🏫??ᆯ?ᅢ????ᆼ?ᅮ?ᅡ?ᅳ?ᄋ?ᆷ?ᅡ #?ᅡ?ᅬ?ᅥ?ᄉ?ᆼ?ᅵ??<Social education for secondary-school students>? #?국 ?서 ?랜 ?#?학?수 (?) ?현 ?ᅮ??2017.6~ #ielts #?험준?부?맘 차단?니??,207,356
8713994417,kys_3886,,340,297
8506515243,jjzeus5067,?레???션지기♤",,,,,,,,,,
.,,,,,,,,,,,,
.,,,,,,,,,,,,
???기?자??,51,2,,,,,,,,,,
39157198225,j.choi2526,,73,278,,,,,,,,
8881974982,yeong_sun2,,47,101,,,,,,,,
1193227416,my_onyu,?소???상 on u,41,511,,,,,,,,
4187222810,headlee1004.1,,92,140,,,,,,,,
26571524827,pje1882,#?쿡#집밥??그램#?들?맘#?인?백#?이먹거?건강?밥???이밥상그램#?들??그램#?이?성?식???백?7?아??9?아???#?치?생,68,28,,,,,,,,
5847921666,eonwoo_mom,,144,121,,,,,,,,
2239238241,gjeogh135,#R.O.K.A Warrant Officer,360,259,,,,,,,,
28921725864,1983lala,?쁜가죽??지? ?한?발 기??등 ?화가???싸??모여?눈 ???????☂?? ?이??토?팜 ?픈 ?어???래 ?로??링크 go,344,152,,,,,,,,
