inner_id,username,profile,follower_cnt,following_cnt,,
2218826690,dalcom71,"?
?
???보?????? ?일??꿈꾸????림메?트 ?? 
?
ᵀᴱᴬ??ɪɢ??ɴɢ _____ #?바른네?워?#?빅뱅
?
?kakao - eppy71
#?스?하?요",278,138,,
3716603274,hamjeonghwa703,"?함?화??감성?야기🍀
?감??경영?
?예?게?이먹기
?골?린516
?선?기???선?영?력
?삶?균???🌸⚘????♥?♥??,549,288
4516691728,suhyeon1970,?행??맛집?방?",,,,
"카페?방???장??? ?께?는 ?복???상""",195,98,,,,
4831152497,dalant_deagu,,245,532,,
8615904189,leeokjoo7,,28,6,,
4517585950,yuna_srore,"?신???이?매??골목???어??????국?배가?요^^
?쁜??구경???시?
?기좋? 커피???잔?요~^^??#바??원?스?문 ??구?집#?발가?카스ID ?나?점78번길",318,423,,
8501704959,sinnayo2016,"????램(13?? ????들??16??
?매 ?우면서 ?볶??52???주?.
???같? ?상. 변?? ?요??,308,223
37532868634,suni_bongdabang,?래?2??",,,,
?봉 ?동 ?봉 강아지 2마리 ?? 고양??1마리 ? ???마 ?,,,,,,
30?차 직장???? , ?일?는 ?일? 주말?는 집밥?로? ?복?게??,384,59,,,
4155453619,p_kihyeon,"1:1 PT????짐 ?도 4?점 ?레?너
???크로바??코치
?포??활 ?문 ?격???",41,26,,
39280047253,cho_y.y,,33,16,,
4185248840,suk__1111,#?범?주부#?아?의 ?마,585,488,,
6882428272,yeougureum,"? 베송메세지???인???로???주?요 ?비???려??
?
??벤??참여?기?",129,74,,
1707321289,cxxkxxa,memory,159,145,,
38823481716,cobi.9999,"#?소??68?생????상 #?진찍고 ??진?로 #?활비벌?
친구?라 ?진찍었?니 좋?????
#?진?테?로 #?후준??료~
-카톡ID cobi7959",292,286,,
39652281928,suna5.9,"??? ?니
?집밥
?고딩 ?
??악?기
? 책읽??샌?아????🎓MKYU C.I.O 2??생
#MKYU#CIO과정#?클 모여??CIO2??클2??#?서??그램 #?  #?곡 #모래?야?,112,57
3300413522,mijuwookmin67,,83,119
40600228948,hyun814______,?을 좋아?는 ?니~~~,15,18
7359370265,hyodongmom_511,,127,176
36656024934,coocoo5715,?적 ?적 ?장???시?❣",,,,
?는 매일 매일 ?장?❣,,,,,,
17???랜 ?동?로 ?져?바디?동물사?♡?는 ?피??#?상?리?담?자격증취득#초등?어지?사?격증취??관?분?는 #?기계발??강연#?문#봉사#철학#???션 ,,,,,,
"?루???칠 ???는 부모님??????랑까???~^^?""",466,207,,,,
38009694590,mcm66074,,53,11,,
17903013950,cyj9820022,"꽃중?이 ?고??명랑 발랄 1968???짐???피 ?상?? ?이?는??할???음 즐겨??#50? #50??줌?,156,30
39034787037,7062_sse,,16,26
32725158472,hann_tree,?ᅢ?ᅡ?ᅡ????ᅩ?????ᅨ?ᅳ???ᅩ?ᄋ?ᆯ ?ᅩ?ᄋ?ᄒ?ᄋ???52,48
37563663696,miim_1577,?산?는 중년?줌?11,79
17437339000,winlook_office,#50??성?류 #40??#?피?룩  #?성?장",,,,
??울?별??강남??릉?414 ?정빌딩 1??문의??DM주세??,26,11,,,,
31704181080,beautyofthepond,"?복?게 ?기?해 ?랑?다.
?루?도 ?번씩 ?늘??보는..
#주님?랑
#50??줌마그??#???인?을?해 
#?행?좋?하?여??
#먹스?그램
#간식??그램
#?범?게
#멋??#?살고있?요
#?께?요 
#?스?공??#코로??9조심",36,81,,
7445376348,mchair.jeongmun.in,".
??ᅩ???ᆷ?ᅧ??MC?ᅦ?ᅥ
.
???ᅮ?ᄋ?? ?ᅨ?ᅣ??: 02 988 6635 
?️?ᅧ?ᄋ?ᆸ?ᅵ??ᆫ: 10?ᅵ ~8?ᅵ (?ᅮ ?ᅲ?ᅮ)
.
??치: ?샘??1번출?
(?울??강북??샘??184)
.
#미아미용??#?ᅩ???ᆷ?ᅵ?ᅭ?ᄉ?ᆯ",109,89,,
39055463185,yestoday5667,?같? ? 50?.,1,14,,
30112168495,be__flow,,9,40,,
3404302264,bomnal71,"?뜻??봄날?니?♡
마카??카????구입 ?실분? ?락주세??^",514,544,,
1938519885,hsback2000,,241,301,,
39811398851,yunhyeonmi109,,28,29,,
32829619829,jeon._.70,??상???나밖에 ?는 ?쁘?귀????     ?스?그램권유 ?쁜?의 ?진촬영,214,114,,
8160239170,choipark05,#fasion designer#fashion#design#fasionbusiness#ideas,28,9,,
6164320553,fca_han,"#복음?도??꿈전?사#건강?도??#everydaychristmas#?유#?행
#?복?일???들?맘#?댕?그??#?인보우?림??
#amway#amwaylife
#Compassion our Mission
#Helping People Live Better Lives",475,293,,
39175323577,flower_rani_j,"-
-
?둘? ᵔᴥ?
-
my 미? 
-
-",85,63,,
7125821946,shinaera_37,"?50? 건강&?이?트 ?문 코치?
???️살??빼고?면 ?생???라?♡
?1:1코칭 
_
 
  ?카톡문의: gamsa0903 
  ??화문의: 010 - 9400 - 1272",231,133,,
6928470628,gio__jeong,"#?매 #?류?작 #?션 #뷰티  
#?자??#4050",34,48,,
1963853075,eunjoo063,,115,66,,
8623973156,jeon.og_daily,?션?? 그림??관?이 많? 50?,107,28,,
14279864796,kang_mi_ni,?,23,24,,
10572692025,khj_gcooper,"#책스?그램#?기부???기계발#지?#케????지?스?#?너?바?오
#공정?성?율1??#글로벌 마???#?세계최??동조합???트?크 마???#B-CORP?증#브랜??체인지#?세?득#?업 문의?️01055574992
????핑몰↙️회????무료 비회??주문 가??,254,222
1337913238,luv_jackie_lim,,657,395
1594530278,ace_hillary,I  enjoy weights", crossfit," swimmming and food""",63,50
34847490955,song_iin_,"50?ᅢ ?ᅡ?ᅮ?ᄆ?👩?+ 6?ᅡ???ᅳ?ᄃ???ᅵ??
?ᅡ?ᄁ?ᄒ?ᄂ?ᆫ ?ᅥ?ᄋ???ᅢ?ᄒ?ᆯ ෆ눈?????쁜 ??#?ᅩ?ᅩ??#?ᅥ?ᄋ???ᅢ?ᄒ?ᆯ #50?ᅢ?ᅡ?ᅮ?ᄆ??#?ᅳ?ᄃ???ᅵ",530,206,,
7200505112,pcs05451,"?영??보냈?? 무한?랑???로 ?고 ?젠 ?과 ?로???랑???작?? ?~초보
체력??매달리기  0 초의 ??근육체?  ?제 조금??매달리기 ?작?는?? ????고 
???생???래 ?심??매달?다?진즉???자?차??? ??,211,211
3012818503,sangkeummam,집중 ??취?가 ?요?♠???루?루기록?보?#?이?드?로# ?이?드?그림그리?취?로만?기#즐거?인??#?상?그리다#???현?기#취?로만?자,29,125
5559265288,ssenunninuskin,??00???? Planner",,,,
?인?이모작 Consultant,,,,,,
?Millennials ?통?문가,,,,,,
?Global Networkmarketer,,,,,,
?안?에?징마????이지?마?터,,,,,,
?Life?버리?,,,,,,
  ?원가?없?편?쇼??  바로가기?,621,429,,,,
2229933832,yang_road67,,100,104,,
9277345804,blackbeltmom67,Taking Care of Bedridden Husband | Over 50 Mom | TKD 3rd Degree Blackbelt | SGI-USA Member,100,59,,
7708781372,nu_yang_pa,"?스?사?자 |  글로벌?트?커  |  ?렛?비지?스 | 1?기??CEO | ?버리??이??Ｃａｐｔａｉｎ⚓ ᴳᴿᴼᵁ?,347,307
3147709931,happyday.0.0,,110,71
7427209406,momo__toon,,234,332
39663349845,nola_market,??마켓? ?통기한 ?박 ?품/ 최?가 비교 ?품/ ?고 ?품????한 가격에 ?공?니???",,,,
"?문의/주문?""",51,0,,,,
