username,inner_id,profile,follower_cnt,following_cnt
_ji_hwannn,36137828342,#맞팔 #팔로우 #04 #고등학생,82,67
yunkong13,2207873857,"여행과 패션,음악을 사랑하는 도시 거주자♡",223,202
rudgml5396,4095647370,"2016.10 ~ 2018.07.08
Vietnam
Hanoi
안녕
Saigon
2018.07.21
반가워 한국
2019.09.04",161,563
wonibeeni,36331243647,"반짝반짝 빛나는, 연년생남매 라이프!
ᴡᴏɴɪ + ʙᴇᴇɴɪ
ᴅᴀɪʟʏ : sᴇᴡɪɴɢ : ʜᴀɴᴅᴍᴀᴅᴇ",576,604
semos_log,9002748731,,29,25
a_hyoun_shin,4227946865,,85,119
sin4753,3043948662,"일기처럼ㅋ 나님일상기록,^^",159,301
haekyeong211,3264629376,"달콤1호 #조아현   
달콤2호 #조윤후   
달콤3호 #조윤재   
😜😜조남매의 달콤한 일상",111,246
_eunjeong0919,4220963381,"#세븐일레븐 신륵사점
#남매맘
#초4아들#축구사랑⚽️
#초6딸#인싸#모델#이쁘니😍
#소확행을 좋아하는
#소비요정🧚‍♀️
#수영과 산을 조아하게된 불혹의 여인😱",204,195
zzzsoo3,11767519631,"놀 줄아는 엉아들의 일상... 👩‍👦‍👦💕
아이와 갈만곳, 영화, 전시...만들기",52,129
hwaae.s,5517704473,"교원 빨간펜 지구장🖍
아이들과 함께 배우고 성장하기🌳
워킹맘의 소소한 일상. 
육아 및 교육정보",54,54
hongjoo8449,5661624841,"반백살 가장님 👨
고1 갈길가는 #이병인이야기 👨‍💻
중2 공잡으러 뛰는 #이병현이야기 🏃‍♂️
초4 스스로 잘해내고 있는 #뽐뽀미이야기 👯‍♀️
나는 #엄마선생님 👩‍🏫
#에피소드부자 #사는이야기 👩",408,248
parkbr21,36536173109,,36,0
hyokyung_maria,9038212428,안녕하세요😊 전남 순천 호수공원에 위치한 피아노학원입니다^^ 경상대 순천대 출강중인 짝꿍 K쌤(서울대졸)과 저 M쌤(숙명여대졸)이 책임있게 가르칩니다!! #초중등부 #전공반 #입시반 #성인반 #ABRSM 국제급수시험 준비도 함께해요. 🎹문의: 061-725-9695,398,339
soda_h.y,9732086612,독서런닝-ISU,15,58
kyuhee85,5936980124,"육아👶,취미💃🚴‍♀️즐기며 인스타하는 아즈매🤗
간간히 여러가지 소소한 취미도 하고요
-> 리 뷰 <-  쓰는거 좋아하는🤣🤣
인생 즐기는 직장맘입니다♡",223,275
ssorara___,27267968922,"11살 예쁜딸둥이👭
6살  귀욤막내딸👧",88,72
cokki1234,6255779585,,31,58
gumju.sin,3006885932,파티와 공주놀이를 業삼아 하더니,177,154
sunhyun0524,2426357230,"#말만하는다이어트 #건강식단 #여행스타그램
#홈메이드레시피 #건강레시피 #육아소통 @eatsbello
여행.다이어트.음식.육아 이야기 소통해요!♡
사부작거리면서 짤짤거리고 잘 쏘다녀요!",392,222
kjm76567656,38537895211,,0,3
nicchia__a,1548711867,마녀와 사는 아이들🎃,253,166
cmath1031,27032015261,"🌷사고력수학 교재 맛집 #시매쓰출판
🌷공식카페 <수학이 좋아!>에서 더 많은 교육정보를 만나세요!😘
🌷2️⃣0️⃣2️⃣0️⃣2️⃣0️⃣ 이벤트 진행 중~",310,182
dam_3883,16751249838,하루하루 반짝반짝,100,77
sweethj25,475990466,서로 사랑하는 마음은 변하지말기♥,122,116
parkxsong,26026385412,"#북스타그램 #독서하브루타 #그림책독후활동 
아이 셋 편하게 육아하는 #다둥이맘 #세자매
 #육아소통 #육아일기  #일상그램",92,54
samjung33,5800667265,,170,220
jang.gold,5639294396,"#운동해야하는 나
#요리를 좋아하는 나
#꿈이 있는 나
#삶과 앎을 즐기는 나
#있는그대로, 보여지는그대로
#활기찬일상",254,500
min.jin_mom,2077349457,"👨❤👩
2008.2.22👦
2010.2.4👦
2015.11.20🐶
.
지지고볶고난리법석우리집일상🏠
.
인친환영👌선팔맞팔환영👐
.
🛇광고는거절합니다🛇",556,189
hanuribook_jinhae,31548718809,"■ 융합 독서 교육의 대표, 진해한우리독서토론논술!
진해지역독서지도사모집
유치논술, 초등논술, 중등논술, 고등논술
한국사, 세계사, 중고등문학특강
■ 상담전화 : 055-551-1909
■ 항상 책이 지닌 가치와 독서가 지닌 힘을 믿으며
독서교육에 최선을 다하겠습니다♡",91,31
rozykim79,3593719252,"Sigunbang family
my diary",453,422
taeheesongz,12018691921,#플로리스트 #꽃 #스칸디아모스 #모스 #냥스타그램 #고양이 #냥이스타그램 #캣스타그램 #육아 #육아스타그램 #소통 #초딩맘 #미세먼지 #미세먼지예보 #용인 #동백 #용인동백 #여행사진,142,11
silver_marble1220,1666456297,"딸둘맘♡
먹스타그램♡
여행스타그램♡
책스타그램♡",80,137
hj.kim81,4316322486,자유롭게 피어나기.,218,235
haenggi1,13056121150,소소한일상,107,181
sss_lalala12.24,3707445144,"😍따뜻한 맘으로 강하게 살자🤗
👩‍🏫라온(나윤호)🐭  080910 즐거운 아이💕
👩‍🎨가온(나희원)🐯  100910 세상의 중심인 아이💖
👸다온(나연호)🐉  130110 행복한 아이💗
💕👨‍👧‍👧우리가족 즐겁게 행복하게 사랑하자👩‍👧",97,90
cjh26799,992909059,"Joong-hyuk Choi
멋진 미래를 🤟위해..No.22⚽U11 
👉@cocolee8220_cjh26799",117,58
didthk,2320365289,"✍🏻글쓰는 것을 좋아하는 세아이맘👧🏻👦🏻👶🏻
     그리스도의 빚진자 하나님의 여종. 하나님은 사랑이십니다❤️
     .
👉🏻 #탄탄두레박문화서포터즈 
👉🏻 #호두m10주프로젝트 #호두m 체험단",269,313
starina0223,1721357079,"지금 당신에게 필요한 책ㅡ소울, 소울키즈, 소울에듀
#출판사 #책 #위례맛집 #여행 #엄마표독서 #교육 #book #publishing #education",287,473
hee_lyange,8165529445,,204,251
withjamjam,13933413332,"일상 소통, 두아이 엄마(젊줌마),맞팔 좋아요♡
임산부 초음파 액자-> 100%핸드메이드 제작
주문은 여기로👇👇👇👇👇👇👇",141,337
moonstar417,1921697507,"뭐든만들어보는뇨자♡
#엄마 #다둥이 #다둥이네 
#딸둘아들둘 #인친 #맞팔 #대환영 
#11세 #10세 #8세 #4세 #친구들 #환영
#소통하며 #지내요 #💖",390,549
ssdd0403,1584668769,매일매일이 행복한 순간 ❣️,493,401
minjung6803,4168693198,,100,91
hyojeong5051,2037297988,"#키즈/#원데이클래스
#클리어아트 #수료과정
#자격증반
#외부출강
#답례품
#cp비누
#mp비누
#캔들
#삼남매엄마
#딸둘아들하나
#일상
064-702-5051",142,195
kukmin_book,12141487045,국민출판사의 공식 인스타그램 계정입니다 :),120,31
sbmdyej,13046066019,"보라돌이남매 (귤❤쭌)
규리❣🐥👸의 남매❤계정
초4 초1 일상스타그램
김규리👸  2010년12월2일생
김민준🤴  2013년6월21일생
🤪놀리기남매",13,10
jihye_yang9999,3983603143,,129,124
greenmandu,1360127386,MY ANGEL,144,319
eunyoung.lee123,22576713189,,82,50
jiui285,39448389595,,35,14
eun.jung.yi,2276231919,#엄마의 일상,92,146
kimjinhee0514,10097919525,,258,165
s.y_ro2.kie,4261153268,"진짜는 누구나 알아보는 법 
청주시 흥덕구 옥산면 오송가락로1049 3층 신예도장
최고지요👍👍👍👍👍👍👍👍",122,166
hyoeun2427,4131847435,,15,132
st206302,455764708,,357,347
jangeunbyeon,24960162304,,9,22
jjinsun_84,4955637304,일상,116,203
sa_ballet_academy,5813319844,은평구 통일로 780 미성상가 3층 문의전화 02-352-0011,312,227
fox9tail78,3959155902,,101,157
jangeunjoo78,1982285974,"💚소소한일상이야기💚
💛두아이의엄마💛
❤️사진일기❤️",485,643
eun__dorothy,3552834949,"Something or anything _
Our memories 
🌈💙
#은자매그램👨‍👩‍👧‍👧",413,86
jesushopelove17,8981646973,"Let us be decisive and determined to see and help out those who do not have Instagram spreading God's glory, embraced and fulfilled with Jesus Love!!",179,1
unipop_jincheon_likia,5473065084,"리키아미술학원
유니팝미술  충북진천센터
🔹경기대학교 서양화과전공  원장직강  
🔹창의미술+ 🎨전문회화수업
🔹유치부 초등부 중등부 
📌진천삼수초정문 옆 1층  리키아미술 
📌상담문의 :010-5689-2748
#리키아미술#진천미술학원 #진천미술",223,438
eunice10200,3015920576,"한번 왔다 가는 인생
후회없이 즐기고 또 즐기자",65,51
purim.kim,5733749590,열심히 살자,51,57
vbabyangelv,4545850556,"#마크라메 #리본핀 #석고방향제
#다둥이맘 #네남매 #초4 #초1 #5살 #1살아기",372,451
kang_ji_yean,8305883972,서전07,188,98
cafehatu,4023436438,"75년생 중년남성
인생의 후반전
걱정과 공허를 지우기 위해
애쓰는 몸부림의 끄적노트",135,91
lovesun9690,27245422319,아이셋과 꽁냥꽁냥 다섯가족의 평범한 일상,68,38
yuhyeyeon6504,4745413203,#일상#맛있는거#예쁜거#귀여운거#멋진거#아름다운거#사랑스러운거,81,22
gimbobin236,39010450689,,0,3
1004minyeong,3563802117,"인셀덤월드 서울본부
010-9828-2456
#인셀덤 #청라인셀덤 #청라피부 #두딸맘 #성형전후
#보타랩",315,203
heyinahn81,2120261499,Korea Nailist,209,618
snj_garden,7236259599,"Life & Camping 
petkeeps
✨2010년생 2013년생 딸엄마
🐾18. 3. 4 동거시작",67,183
semi9751,8142617605,,72,47
hari.artchannel,39260769186,"유트브 하는 하리의 그림채널입니당
맞팔러💋💋
저는 하리고여 앞으로 이계정에 그림을 올리거나 
일상생활을 올리려고 합니다><
맞팔 쪼아요 선맞팔=칼맞팔
예쁘게 봐주세여^~^",0,1
greenhoilc_gusri,6062764763,"☘Greenholic_gusri🌿
#책과경험으로동반성장
#플랫폼비지니스
#뷰티크리에이터모집_디지터노마드족
#구독경제_비즈니스기회
#꽃꽂이할만큼큰모공_피부건조_피부결고민이신분💌디엠주세요
#루미스파궁금해?⬇️
http://nskn.co/n4NTnb",84,96
bolltinge,39869975891,그리기만들기,2,2
yonghee48,5822110172,,205,145
j.h.ssongssong,3952096212,#타이드애슬레틱스 #빅타이드 #아크로바틱  #스턴트치어리더 #전자랜드 #치어리더  #어린이치어리더  #치어리더2세 #연중행사모델 #잡지 #사회인여자야구단 #원더우먼 #여자야구선수 #운동 #건강 #운동사랑 #운동하는가족 #가족 #가족여행 #가족사진 #집밥 #송쉐프 #요리,251,264
yeoyeo_living_,33654749382,"🏷 여러분과 함께하는 생활 여여생활이에요.
🏷 #라탄 #우드 #그릇 #생활용품샵이에요.
🏷 제품문의, 구매문의는 언제나 환영해요.
🏷 네이버에서  여여생활하세요.",277,408
joseobun2807,7178790441,"📖책읽기습관물려주기 📙책육아 📚마산14지역국 팀장조서분☎️010-2882-2455
#AI독서진단 #AI스터디클럽 #웅진북클럽 #곰돌이
#융합독서맛집 #백과수업 #누리숲
추천인아이디 13136436⬇️⬇️⬇️⬇️⬇️",438,460
coco10jae,614870341,Joie de vivre,437,224
iwannaeatsomefood,4154538116,,36,118
_ar1986_,8786921391,"#초딩맘#애둘맘#딸그램
#서자매그램
#가족스타그램
#여행#육아#캠핑#음식#집밥
#군인가족#인천",149,197
jjuljuri,2989139149,,166,83
rhoyoonlee,6792099614,"여행&음악&미식가😊
Trip&music&Gourmet👍
BTS를 좋아함😁
물건만 팔려는 분들보단 소통하는 인친을 좋아합니다.😆
특히 가짜미군 사절.사기꾼 싫어요. 사람냄새나는 분은 굿👍",638,463
mijin_bright,3549736761,"handmade
수세미/가방/머리핀 만들어요🧶[by.soony]",153,182
joy.playfacto,39194755248,"2020년 우수교육원 👑
즐겁게 공부하러 오세요~♡
부산시 북구 만덕1로 중앙빌딩 4층
플레이팩토 4명 정원 플레이팩토 먼슬리 6명 정원
📞051.337.9380",54,9
hyunwoo_2010,4950048218,"#아역배우김현우 🐯
2010.11.28. (141cm  31kg) 
🧡 
📎파파레서피 X 박형식 
 📎하나금융그룹 CF
#jejulife #제주한달",275,434
shinkwangpark,4357714035,,47,55
telejune7,5362313319,,47,84
sprite1052,9209564232,"📌소잉하는여자🧵😊🤗
📌핸드메이드제작
📌가방만들기👜
📌옷만들기👗👕
📌주문가능
📌주문은dm
📌천안📌신방통정지구",104,84
nabi.ss,4709827252,A slow life in jeju,453,190
melaleuca_kyj,38831788957,"🌿멜라루카 김유진
-
리얼남매 @realkids_mom",34,29
alley_home10,1913484180,"#고딩맘 #초딩맘 #일상 #매일감사
#소소한행복 #딸스타그램 #자매스타그램
#여섯살터울자매 #공부하는엄마가되자
#워킹맘스타그램 #긍정의힘 #마흔넷인생",498,467
manboryedu,17059048061,"부산진구/ 사상구 / 북구 / 동구 / 서구 / 사하구 / 중구 / 영도구 / 강서구 총 9개 구를 담당하고 있습니다.
뿌리가 깊은 공부는 바로 독서.토론.논술이 어우러진 
해법이 답입니다♡
010-7534-1214 혹은 카톡아이디 manbory 로 문의주세요.",156,212
pluseunmi,2910056324,"子供達との日常の記録です。写真好き🤳自然好き✨旅行✈️好き。副業の勧誘お断り！부업,창업사양합니다. 애들성장기록입니다.don'ttakeover👿",248,470
shim_two9_love,6957673164,"구구세은맘~~♡♡#직장맘
자호 베프~~^^(no.9_jaho)♡♡
#렉돌 집사~~그건 신랑잉^^
#티큐브k랑행복 그리는중
내이름은  심재희☆☆☆",183,137
cjwee_center,39125694889,"* 청주교육지원청 Wee센터
* 이용대상: 청주시 관내 초,중,고 학생 및 학부모
* 이용시간: 평일 9:00~18:00, 공휴일 휴무
* 이용료: 무료 
* 주소: 충북 청주시 서원구 무심서로 485 청주교육지원청 별관 3층
* 전화번호: 043)270-5853",76,16
acefnt,1506971803,"#사무용가구 
#교육용가구 
#가정용가구
#에이스퍼니처
#사무환경 개선의 앞장서는 회사
#경남 전 지역 어디든 누구나 언제나
H.p 010.4536.0168
T 055.273.0168
F 055.273.0169 
E-mail = acefurniture@naver.com",144,193
hongseoa,3992373625,,145,79
100_pro_clear,33040309312,👇 백프로클리어수학 네이버 블로그 주소👇,97,74
minataerim,6662323435,,94,69
0615_mijin,6404794901,,90,65
wise_workingmom,39428524003,그림책을 좋아하는 초등맘,2,9
jiokong,1942633835,,122,162
oliva_0607,3676422611,"삼남매
워킹맘
독박육아",335,197
kimsee_slasu,2047969467,"하루하루
_____________________
내 만족으로 사는 ..내삶👩🏻🖤",286,115
s_hanul_9683,1925052088,"➡Just Be myself✨
➡SEKWANG HIGH SCHOOL freshman!✨
➡두 손이 뜨거울지라도, 타버릴지라도, 담고 싶은 태양이 있기에, 놓치지 않을거야",91,174
chansuk_elena,10641979779,"장학리 살쾡이🐆 
일잉이와 나의 율율남매♡
#춘천맘 #남매맘 #육아소통 #일상",236,200
love.yh.80,8585439075,그림 & 운동. 소소한 하루 ♡,106,97
chaehee_olivia78,4446002232,"😊📖🍀
아들 딸과 함께
하루하루 성장하기 위해 노력하는 사람
#엄마표영어기록
#원서읽기
♡
공부ㆍ 성장 ㆍ노력ㆍ 미래ㆍ 교육ㆍ 행복ㆍ 감사",286,363
jhlovese,2133629140,달달한 남매스타그램♡♡,139,257
jinhae_ocean_leisure,6443842343,"웨이크보드/수상스키/물놀이기구
해양소년단경남동부연맹소속🏄‍♀️🏄‍♂️🛶
🏄‍♂️예약필수010-3424-0619,010-8826-8097
.
#진해해양공원#진해데이트#진해#보트체험
#웨이크보드#수상스키#물놀이#수상안전교육#수상안전레저험장#진해빠지#창원빠지#부산#경남여행",364,426
heegoyung85,9005366134,"#꼬아라메#마크라메#서양매듭#경기광주
#원데이#취미반#자격증반 #프리랜서
#인테리어#집들이선물#돌선물#답례품
#줌마그램#일상스타그램#다자녀맘
원데이클레스   &   완제품 문의는 DM  주세용~🤗
👉  01050697311
핸드메이드 제품입니다.",78,77
janghee_son,3690339333,"선물같은 하루
인생에 정답은 없다~
남이 생각하는 나보다 더 중요한건 내가 생각하는 나
Zumba👯&golf🏌
.   .   .
일&운동 @zumba_lucy__",244,270
jkekjy,1620171656,"삼형제.
젊줌마
백호띠,흑룡띠,청말띠/아들셋
남자복 터졌네♡",516,553
jeongok5781,4141872096,,75,217
sunny_9319_1077,6981648031,,217,572
magic_hands.jihye,3896029902,"📱 정리수납 의뢰(무료견적 서비스)
     | 드레스룸 | 주방 | 아이방 | 베란다 | 창고 | 원룸 |
.
💁‍♀️ 실용적 라이프를 추구하는 정리수납 전문가
🏡 살림하는 주부
🎡 육아하는 엄마",170,200
yuripark62,3829847247,"선팔.맞팔.소통해요~♡
리얼찐한 제주살이
제주 자연과 자유로운 삼형제의 리얼한 제주생활체험
우리가족은 여행을 좋아하며 가치있게 즐깁니다.",244,161
im._.han,25677682,smile 😋,243,186
yk._chae,1307271350,,505,289
soyoung__0202,16702254264,,2,14
anna_huijin,1323000066,두 딸맘.♥ 워킹맘.♥,159,144
meesooseo,4118347712,,105,210
lolonara,5372156958,"• 사랑이 넘치는 우리가족 이야기💕
• 강민형💍이영미 15.10.03
• 강하리👶🏻흥하리 16.10.25",592,587
with.j.jrplaton,38768549602,,2,0
sodam100407,11866719101,"@shinmina5454 우리엄마
@yeonceol19 우리아빠",56,95
missuni78,4246943193,"#다이어트 
#면역케어
#아토피
#비염
#디톡스
#면역케어
#건강한아이들의 이유있는 키성장
#안효주구자춘팀
#조미영김정훈패밀리
01093391877
#카카오톡ID:missuni78",177,387
102nami,2892250168,"👨🏻이서방
👩🏻김나미
👧🏻이초딩
👦🏻이뽀연",665,48
lyj2252,3235367773,,301,308
so10yun19,2991989499,"열살이야기 @soyun1019
#매일매일책읽는습관
아지트샵❌홍보❌
Book_ family",162,103
kyung_yong82,1424869224,"#plantslover 
#indoorplants #indoorgardening",195,283
intae_for1_,3498000774,@jaea1001,135,198
loverys918,6017154087,"#웅진북클럽 입사2년만에 국장?벌써5년차!두딸맘
👍#6학년#천안시교육지원청#수학영재
👍#4학년#남서울대인문교육센터#인문학영재
💓#추천인코드13153273#문의ᴅᴍ💌#자기주도학습
#북큐레이터모집#AI스마트올#책육아#베이비#융합독서
#학습지#곰돌이#한글깨치기#생각톡톡투게더",261,371
ellyjudy83,5362713968,#딸셋맘 #세자매 #가족여행 #11살 #9살 #6살 #딸딸딸 #맘스타그램 #부부스타그램 #먹스타그램 #딸키우는재미 #내사랑들 #일상,171,46
toim0918,13501443643,,33,42
angela_park__,2766988041,부부💑삼남매👧👩👦포메🐶,289,414
jiyoung8202,5639081087,"형제맘.서준브로👨‍👩‍👧‍👦
콩.봄.가을.겨울.🐶🐶🐶🐶",695,233
hyohee0402,8064630832,#직장맘 #초딩맘 #딸바보 #태권소녀 #태권도 #초딩스타그램 #리틀케이타이거즈 #프로젝트s스쿨 #체조,150,77
jo35293233,32004389492,"◽jo min kyung lnstagram
◽소속사:KdsPlanet
◽나이:11살 키:151cm 몸무게:34kg
◽안녕하세요 저는 11살 조민경입니다❤ Hello, l'm jo Min-Kyung, 11yearsold❤ 많은 정보👎🏻👎🏻",13,16
noelgurum,1626357228,"그림그려요 . Seoul
@noelgurum_oneul",299,189
ajy_life,1194375304,"더그리다헤어💈
☎️051.202.2009
파이진글로벌🌐파이온텍 
제품문의.사업문의
☎️010.8324.5534
kakaoID▶️pusupuuu",292,649
zzoom25,1432637642,오늘도 신나게~😆  #남매둥이#여행좋아#야구좋아,60,80
jiachu1021,5535646327,,509,234
jjang_daily,3512534603,사소한것도 소중한♡,449,327
jielmom,39235518355,му ѕωєєтуѕ 🧒🏻+👦🏻+🦁💕,6,7
ejoo74,39391365810,,50,0
gusle1813,5838585920,"#나부터즐겁자 #열린공간 #일상다반사
#선팔맞팔 #찐소통 #육아소통
#부업광고맞팔안함🥺 #외국,유령계정차단중😡
#보통엄마 #초등자매 #초등맘 #자매맘
#살림 #가족 #육아 #취미 #매일 #기록",527,423
graceeun3745,5622144252,주님의 은혜💕🙏,263,253
lovely.koye,1985851660,"예자매~👯‍♀️삼공주 , 육아(👶🏻), 독박육아, 다둥이,다자녀, 취미 ,일상 
부업 문신 광고사절👿",532,664
ouhang__djgkd,3011508057,"🇰🇷19쨜/ Animation highschool 19th /他山之石
- 사람 좋아함
- 예술 사랑함
- DM  잘받음
- 뮤비 만들고싶어요 입시끝나고 아티스트분들 디엠좀 보내주시면 안될까요",271,263
raina_ol,4065213876,일상속으로🌿,112,88
ge_hand,38416742150,,90,64
jini_ryu,1174534752,"#일본 치바 #9세, 6세#요리#한국#아이들과의 일상
#料理#韓国#子供達との日常",252,343
hyunjung_232,4974198959,"#추억더하기#캠핑#맛집#애써고생#집짓기달인 #초딩망#중딩맘#직장맘#다둥맘#울트라맘
#에어로빅#댄스로빅#줌바#등산#드럼#열공",496,522
barbie_mina,1836196624,"민아처럼💕👑🧘🏻‍♀️🏌🏻‍♀️🌷🐶🎹😋🖕🤷🏻‍♀️🤣💣👋
가을가을합니다🍁 
내기분건드리는것들지옥을보여주겠다🤟🏻",204,60
coolsummer.k,1314244861,,73,152
subini_mama,4027389922,"🍒수훈.수빈 맘🍭
수빈이 댄스생활&가족일상
📷Subin's👉🏻 @ssubini__d 😎",318,323
jeongseonjeong6423,4605581170,,7,1
pakira1108,10688607176,"""당신은 당신이 믿는대로 될것이다""
""내몸은 내가지킨다""
""체질개선 프로젝트""
오픈카톡",413,274
dmama_0101,2828133615,"#8살#11살#도남매
@dmama_work
#design#illust",512,222
im_yeongeun331,38007375251,"언니 - @imseeun__3200 
#자매스타그램
#맞팔
#10",20,13
dael_yoel,6090400661,"다엘 요엘 일상기록 
아들둘맘 🌈
축복의 통로가되는 가정👨‍👩‍👦‍👦
믿음의가정🏠🙏",90,124
yeunhwa.park_4life,28401212852,"#포라이프#건강코치#글로벌성공리더박연화
#린잉글리쉬#북면영어회화#북면영어공부방
문의. 010 4185 7551 
쇼핑몰. 👇👇👇👇👇",351,279
h82j1023,9715112662,"강민 승민 소민이네♡
다둥맘♡
삼남매맘♡
육아소통♡
2010년 백호띠♡
2014년 말띠♡
2017년 닭띠♡",254,163
schoolchildmom,36914696752,,91,0
belle._.ssam,24814039853,사랑을 피우는 교실,182,116
dodo_princess_mom,1551120511,"딸 둘 ,유기묘 랑이,입양묘 강이가 사는 이야기
다이어트,상업적 팔로잉은 사양할께요..😯😯",148,375
lee__seul_k,22404847025,"#초4딸& #초2아들 #초딩 #남매스타그램 ❤ 👨‍👩‍👧‍👦
#성장일기장
#초딩맘 #남매맘 #젊줌마 
#사랑해요 #감사해요
#여행스타그램 #캠핑그램",74,18
helena0819,1586144931,,69,56
jinyoung2104,2317104824,"삼남매 일상..
삼남매맘 일상~
행복한 집~^^",124,134
loves_ma_,1427176967,"☀️ 미라클모닝_#아침운동 #건강다이어트
📖 매일독서중_ #mkyu대학 #열정대학생 #CIO2기
👩‍🏫 꿈꾸는창의수학쌤_#요리수연산 #사고력팩토
👩‍⚕️건강지킴이_세상에서가장건강한가족 #유사나",500,268
kiztalktalk,4712650514,"수원 장안구 정자동 유,초등 전문
멘사 수원마스터 / 기관 출강 / 
 2018 mso 최우수지도자 / 2019 수원시 평생학습 프로그램 경진대회 대상 /꿈의학교 / 씽크톡 / 한솔수학 / 사고력, 교과수학 
수원 정자중심상가 ☎강의, 교육문의 031-269-2149",203,211
jjung_s0455,4226436812,"혀니&쩡쓰&썬마&짱아                      행복한가족&즐기며살자구
#육아맘 #딸스타그램 #캠핑족 #주말여행#인라인#에어밴
♡100914 ♡171201♡",394,363
jangum_kim,7110081454,딸부잣집 엄마😍,87,95
kokoa0210_,39690196350,,0,3
k.hae_geum,11785523802,"#책과함께하는아이들#책육아#일상#습관
👠대면&비대면 선택
 📝 상담링크 클릭하세요^^
추천인코드:13154080
신청신청⬇️⬇️⬇️⬇️",231,244
ggoggomom,2273219506,"#꼬꼬맘
#꼬꼬맘마켓
#딸딸맘 #안양맘 #소통왕 #오지라퍼 #동남아여행 #평생다이어터 #마스크공동구매",461,477
jungsumi379,8677197056,"👠 워킹맘의 육아일기
- 행복한 아들 키우기👦/초등이야기/초등여행/초등학습",182,172
okh7915,8941549437,"일상
소소한...평범한..
보통의삶",270,313
sorahoy2,6902609451,"📚독서계정 @sorahoy📚
.
♥ 아이들의 성장과정 기록용
♥♥잘키우고 싶다
♥♥♥과거 피드 보며 반성하거나 과정의 오류를 수정
 #초4,#초5
#엄마표공부 #집공부 #자기주도학습
#초등학생 #아들스타그램 #아들키우기 
#잔소리줄이기 #엄마표영어 #엄마표수학 
.",46,94
play_calli,8559926526,"캘리그라피하는 연극강사입니다^^
#청소년지도사 #문화예술교육사 #캘리그라피지도사
#캘리그라피수업문의 #연극수업문의 #주문받아요 #dm환영",584,434
sa_hee_young,26727844849,,111,89
hyunok_216,8398506843,"남들에겐 소소한 일상
나에겐 매일매일이 버라이어티한 일상^^
잘먹고 잘사는게 모토
#食스타그램
#酒스타그램
#한국가정식
#아들키우는집
#포메라니♡",336,598
hyunkyoung.love,17809273128,"010.8814.1547
추천인코드 13158390 #아동독서지도사#부모심리상담사
#아동심리상담사#미술심리상담사#코딩지도사
#스피치지도사#자기주도학습지도사
#책육아#뇌섹어린이#책읽어주는엄마#평생독서가
#AI스터디#한글#영어#수학#논술#곰돌이학습지#한자",337,85
jjinjjin1125,10650635355,"#교대근무 #워킹맘
#초딩맘 #아들둘맘 #백호랑이 #청룡띠 #우백호좌청룡맘",71,98
chudahyeun0404,37494913415,,26,14
han_kkom,5688677938,,69,72
larklee21,6832223529,"딸하나 아들하나 키우며 전원생활중,  끈기프로젝트_독서편_운동편 도전중 , mkyu 열정대학생새내기",169,144
jia_jang10,17324401666,10년생이에요!!,70,1
moon_m_k_4507,6544384133,"#일상
#낚시하는여자
#초보낚시
#다이어트
#배움
#아들스타그램 #초딩맘 #아들만둘 #40대",214,233
alrkfm,3655703788,5살 남 11살 여 40살남 #육아중.. #초딩스타그램 #아들바보그램,41,44
eunju0504,3955368940,일상. 엄마표공부.고3애미.매일매일 꾸준히,181,416
torry111,20964036,"부산 해운대 더샵센텀파크 미술홈스쿨 🎨 초등미술,중등미술
일러스트레이터 
그린책:아빠좀빌려주세요,엄마는파업중 ,곰보나무와바늘나무,그래서행복해,또다른내동생,새를그리는아이 등등등.
📌카카오톡ID :torry111",466,299
jihyun7943,6284613943,"#초딩아들맘 #👪 #40대아줌마 #일상그램
#사진📷 #카페☕️ #걷기👟 #영화🎥 #꽃
#좋은사람 #마음이쁜사람 
#말을예쁘게하는사람",451,73
kimhyojin5500,4573458509,"⚽두아들맘🎸
☕여자 귀한 집🥇",121,140
pyjylove228,2293704524,행복하고 싶은 박남매 엄마👨‍👩‍👧‍👦,8,15
minjulove7782,252454392,"🎗잊지않고 있습니다🕯 
지극히 개인적인 공간💕
딸바보💖 아들바보💖 현서기바라기💗 민쥬봉봉💗 다둥이맘😍 삼남매맘
이렇게 쭈~~~욱 이쁘게 살장💕
💗아프지말고~🎶🎵행복하장💞
사고뭉치쓰리콤보삼남매와 봉봉랑랑 캠핑이야기🏕
🚘가족여행🚘 카페투어☕️",214,282
karen0775,2963393316,"Karen 🇰🇷 
크로스핏.프리테니스
삼남매맘의 운동기록과 일상
📺유튭채널: 캐런TV",456,343
polvely__,14492023406,"사탕젤리계정 @candyjelly____
댕댕테이블 @dang_table
성인반 키즈반 문의는 DM주세요💕",652,187
h.seo2010,36390523574,,22,26
wms2479,37863599080,"나밖에 모는 신랑과 사춘기인 아들, 제일 예쁘다고 자신만땅 딸, 이런 식구들밖에 모르는 나! 아웅다웅 하기도 하지만 알콩달콩을 더 많이해요♡",97,106
sweet_ran,1192822872,"웃음쟁이 손소네👪 그리고 몽클🐶
.
[일상기록장] 🗒
기록한 것만 기억한다",390,89
sun05091108,2221839652,,91,162
sunmoon_84,6577866170,"태희서희엄마👨‍👩‍👧‍👦
빵굽는 엄마👩‍🍳🥨🥖🍞🥐",15,79
hoho_bros,975133710,🇰🇷Korean  G4👦🏻G1👦🏻,574,619
cho624217,2261257754,,349,682
q.artemis.p,21602686839,"Artemis Art & Ani Studio
아르테미스 미술학원
영등포구 대림동 783-13 3층
작업은 @2ani1animation",29,52
asobi_cheongju,1513366904,"#아소비공부방 청주지사
#입회문의 #창업문의 010-4901-8020
#청주공부방 #청주공부방창업 #청주맘 #오창맘 #진천맘
https://open.kakao.com/o/sZihGTtb",278,225
mjkim7821,4432387666,"영원한꽃돼지 11살 내딸♡
햇병아리 미운 9살 아들♡
자~알생긴 AB형 38살 남푠♡",181,156
ssini_84,8483381749,,99,185
hahanammae,639439823,"여아.남아 아동복.주니어.미시의류👯‍♂👯‍♀
KaKao Talk ID : hahanammae (문의.택배OK👌)",294,23
vocaltrainermin,19360268702,"🍀청원초등학교 합창단 지휘자
⚘유정초등학교 음악전담
🌻엘가음악원 대표
🌿키모(키즈보컬의 모든것) 대표
💐삼일교회 윙윙어린이 싱어팀 지도
🌹소리열매, 리틀소리열매, 청원꿈나무, 꿈열매중창단, 뮤직트리, 페가수스중창단,노래하는 세쌍둥이...지도
민효희성악교실 영상 링크♡",119,93
jeonghwasug3612,6043572371,,133,108
fkdnfkdid,2108152014,"세아이 키우면서 정신없는 라울 :)
내인스타 육아는 현실이다ㅋㅋ",574,273
tomnjerry74,2019106694,"꾀쟁이 '제리'와 마음 넓은'톰'의 일상
맛집,요리,일상,여행",419,314
happyzone_the,4644713424,"대전 대덕구 송촌동 해피존 2F 235호
월-토11:00~20:00(일요일 휴무)📱010.6539.0038",144,594
jps1531,1655109551,"💈아름다운 미장원💈💇🏻💇🏻‍♂️ 
대표원장승민
휴무:매주 화요일 
상담 051-343-6612/010-4949-6612
카톡:tmdals1531",313,391
____eungun____,391419392,"必要惡, necessary evil",18,49
parkjihyun715,2183160025,"태양하늘맘의 일상🌿
#초등독서 #엄마독서 #엄마표영어
미술계정 @oneul.art
꽃계정 @jihyun_flower",124,63
sosohanga,17468224038,"발레맘의 소소라이프 
#소소한가#소소한테이블
➡️#12년차주부#발레맘#북리뷰어#먹고사는이야기
➡️#미니멀라이프(2017.01.19 첫비움. 미니멀4년차)",279,137
gadeukedu1,15784082766,"염창동 최강 수학학원
02)3664-0927/010-7687-0927
♡사랑가득♡기쁨가득♡지혜가득♡수학학원",73,56
js_music_jg,30537832943,중계동음악교습소.성인피아노.소수정원제.타임제.개인레슨.클래식 실용 국악 성악 모든 악기레슨연결.방문레슨연결.,126,166
usa_butter_nuna,4091725927,"""난, 예쁜게 조앙♡""
Auburn Alabama 거주 🇰🇷🇺🇸",195,185
mikyungjun,316782499,"감사하는 삶💕
율&후 의 성장일기
#육아일기 #남매  #홈베이킹 #축구소년 #감성소녀
The way to Remember",196,354
misa_speech,12061785031,"💡카톡채널-스피치마루지미사센터
📞070 4411 4204
✨경기도 하남시 미사강변대로212,센트럴프라자 405호",196,395
p_ssong79,1792917236,"#육아맘일상
#두아이맘
#주부스타그램
#일상
#요리 #도치맘",202,228
twinsbogi,1474056197,,519,339
dalkongmom_rins,4359007827,"👱‍♂️큰유군
👦작은유군과 함께사는 
그여자💃🏻
소소하고
확실한
행복 만들기
#세식구#아들바보",145,90
uhpretty00,3464802312,,182,90
dolcepiano7712771,6856056509,"#피아노학원. #플룻 강습.
#양평 #용문 #다문초등학교 후문
031-771-2771",53,51
sechan8113,16257830785,#초딩아들 #패션 #헤어 #운동 #먹방 #육아소통 #맘소통 #맞팔,88,90
jj__ssoo,11918041320,"소소한 일상 기록
친구같은 딸과 나의 이야기❤
🐑 + 🐵 = 🐯",228,123
watermelon_bl,6498596427,"⠀⠀⠀⠀⠀⠀⠀⠀⠀⠀⠀⠀⠀
해마 🤍🍃🌿
⠀⠀⠀⠀⠀⠀⠀⠀⠀⠀⠀⠀⠀⠀⠀⠀⠀
아들둘맘의 육아와 여행 이야기 🧍🏻🤍🧍🏻🛫
🇰🇷🇫🇷🇨🇭🇪🇸🇺🇸🇵🇭🇭🇰🇯🇵🇬🇺🇮🇩
⠀⠀⠀⠀⠀⠀
⠀⠀⠀",132,133
ryv1006,1510767075,,306,136
jeongjonghwa3510,3434183025,just do it.,135,160
jiiingiiing,1208142595,"🇰🇷🇨🇳🇯🇵🇺🇸💑✈️
ѧʟʟ ẇє һѧṿє ıṡ ṅȏẇ.
#일상 #데일리 #직딩 #소통 #인친
#후또리 #멋있는칫솔 #코타불닭 #럽스타그램",627,439
cherrynails_nailartist,1503776697,"🍒체리손톱논현점 📞02.545.5456 
🍒체리손톱신반포점 📞02.537.7025 
⏰AM 10~PM8
📮서초구신반포로100래미안퍼스티지신반포역상가
@cherrynails_5377025 
⭐️21년경력🌟
⭐️신반포네일🌟
#신반포네일샵 #반포네일샵 #서초네일샵",320,267
choisangsuk3548,5351188356,"소소한 일상..
감사한 하루 하루를 담기~",66,184
anna_choi_84,2251876127,곰순이🐻,252,101
10_yshan0108,11360037491,"🧚‍♀️초4_10년생
🧚‍♀️팔로우전 HELLO :) 봐주세요
🧚‍♀️dongpyo_son 동글단.원잇
🧚‍♀️반모 X
🧚‍♀️다꾸계정 018_ynseoskr
🧚‍♀️200531 시작
🧚‍♀️ 팔로우 신중히,,팔취하실거면 팔로우하지마세요",42,24
sogum77,3241562886,,190,364
ju_hee7911,33379977445,"공스타하는 사람만 팔로우받습니다. (선팔=맞팔)
오늘한 것은 내일 아침에 올립니다.공스타만 올림",7,71
skal1288,1906345723,"세남자와사는👉뇨자^ ^
#이주부일상
#짱브라더스 👬",443,299
ilsan_speakmath,39121513466,#일산정발산수학#명가원옆수학#수학교육전공#재밌지만빡신수학#기초가세워지는수학#일산중등수학#성적향상보장수학#하루한개념무조건타파#모르면귀가불가#골목수학#곧정원마감예정수학#일대일수학#맞춤수학#소규모수학#입소문수학#코로나대비수학#수포자환영수학#01086750908,10,24
seolmae1212,6869353394,,75,42
younjoo84,17893807425,"#장승우 #키즈모델
#키아나엔터테인먼트 #키아나엔터테인먼트소속생 
#장씨남자셋 #사랑해 #아들둘엄마 #화이팅‼️
#딸조카님들 #너희도 #내사랑♥️",100,88
ababababa_2010,40391962450,"초4. 같이공부해용 🤩🤩 초4 일상. 공부. 책. 여행!!! 🤫😜
Study with me📕📖✏🖍🖊📝📔📒📙📚
Grade4. Travel. Book. English. KOREAN 
YAY!!^^🎈🎉🎁🎊",1,0
eunseo1339,6766867744,"♡권은서
♡2010년12월11일
♡키 140몸무게 26키로
#꿈#안무가#아이돌#키즈돌#STAEG631KIDS##키즈패피#kpop#키즈모델#키즈오디션#키즈댄스#초딩댄스#토니안대표님#안승호#배윤정원장님#전홍복 #기획사#영통#OG DANCE",400,614
beautylash_r,2360491381,"📱카톡ID : mkzoom1
☎예약필수
     ➡ 010-8695-5184
💗편안하고 이물감없는 시술
💗속눈썹 모양에 따른 디자인
💗1:1원투원기법으로 한올한올 증모시술
💗모근보호시술
💗손상모 복원시술🤗🤗🤗
💗다양한컬과 색상, 속눈썹모구비",101,125
lmk820,1930520279,"두  따님 키우는 재미..
소소한일상..♡",405,174
hyojung0304,6822003346,"♡초딩맘♡
♡딸하나맘♡
♡   일 상 기 록   ♡",374,695
ririringzion,4036958969,"#우리가살아가는시간 
그리고 마침내 모든 학생이 책상 위로 올라서더니
떠나는 키팅 선생에게 말없이 인사를 보냈다.
더 이상의 말이 필요하지 않았다.",367,283
aelrigongju,10495010678,"육아맘♡엄마표 영어♡엄마표학습
자매이야기♡엄마표놀이♡홈스쿨진행♡엄마표 한글수 깨치기",270,163
gom0902,1693150487,00학번. 공대. 삼성전자. 메모리. 품질. 汉语. 바이올린. 비올라. 직장맘. 맞벌이. 연극. 영화. 뮤지컬. 콘서트. 여행. 쇼핑. 딸램들. 뜨개질. 꽃. CD. 번지점프. 스카이다이빙. 수영. 스키. 보드. 골프. 필라테스. 바비인형. 푸우인형. 머피베어.,214,451
kidsbook_,4492357973,"<아동도서전문상담> 어린이서점 
세상의 모든 전집문의 ▶️ dm / 카카오톡 ID :haeun328
아이북 블로그🔻🔻",322,223
monica_ppark,5912519397,"#인스타 #연습해요👉👈
#애둘맘#평생#다이어터
#모녀차박#캠린이🏕",44,88
ryeoeun_hi,39246864617,@kim_rrrrr10 부계정😝,3,4
dana2na,7853164013,"#자폐 딸 #dana 의 귀여운 일상.
복지관에서 장애우를 담당하는 사회복지사였어요. 지금은 일본에서 발달장애가 있는 딸을 키우고 있죠!! 정보도 나누고 함께 교류하고 싶어요!
<아픈사람을 알아보는건 더 아픈사람이다.> 내가 아프니 당신의 아픔도 알아 볼 수 있어요!",442,393
jin102809,5514239241,,6,62
jnj_2014,1423088714,"#JnJ 
#여행
#가족여행
#주말여행 
#두아들아빠 
#국내여행
#기록",251,193
ubebeyoung,481148209,,453,429
se_a.e_jae.j_s_woo,6118330682,소소한일상을나눠요♡,122,199
boomer7408,3627994027,,51,119
park_ssong82,3030596477,"알콩달콩 세식구
#워킹맘
#다이어터
#집밥스타그램 
#현재에충실하기",265,256
loveleelovely520,1676741510,"Enjoy my life in china.
Just be myself",193,418
hyewon_jenna,38931125540,"보드타는 혜원이🛹(🎂2010.3.8)  
거제에서 보드타는 혜원이의 일상입니다😁😍",96,65
j.e.h.76,26463824841,"#공릉 볼링장 근무
#정과장
#노원구 공릉동",106,125
naneun_art,7662214244,"🔴선착순지정 시간표 _7세부터!
 ""스스로 ""생각하고 
하고자 하는 것을 효과적으로 표현하도록 돕습니다!
​",184,86
songyunmi97,35088317849,#딸둘맘#딸과의소소한일상#11살#9살#초등만들기#슬기로운집생활#아이와추억만들기,48,22
minjizznagmom,2138908892,"#백호띠딸, #청말띠딸, #청양띠아들
#삼남매육아
그리고,
이것저것, #만들기좋아하는여자 
이쁜것 좋아하는 주부
 
#카페좋아요 #육아일상 #다둥이네 #다둥이일상",595,339
go_youn_kyung,3189190471,,225,172
hyunkyung_0612,7104928919,,128,135
heepapa_roora,471029395,"⛺️Camping 
🏂snowboard 
⛳️🏌🏼golf 
🏊🏼snorkeling 
👨‍👨‍👧‍👦family 
👫childcare
📷📹🎥gopro",151,114
oo_jinvely,3286025121,"책놀이가 즐거운 우리집
#독후활동#엄마표놀이#엄마표미술
#책육아#엄마표한국사#엄마표과학
#백호띠딸#흑룡띠딸",293,292
prettybobo6909,6364468730,,230,288
coolno100,2265450166,"🕇하나님은 인간을 위대하게 창조하셨다!
#십자가전달자 #크리스찬 #Amwaybiz 🍽 #퀸마마스토리
#철학이있는 #생필품전달자 #공부하는엄마 #요리하는아내 
#세종암웨이 #대전암웨이
#퀸마마스토리유투브-->>",288,340
siaindang,40224681967,#2010년 #맞팔 #맞핱 #맞댓 비공이면 못해줘요 ㅠ,5,17
only1_taekwondo,6100090398,"🥋유치부, 초등부, 중•고등부
-유치부(전용반 4시 30분)
-초등부(수준별 수업)
-유아•초등체육, 줄넘기, 팀스포츠
-시범단 운영 / 공연 및 대회 출전
🍭원태권도만의 화려한 이벤트🍫",432,115
kkong_hypark,1396998591,"잘하는것 보다 좋아하는것 하기!
#핸드드립 #더치커피
@kkongcoffee 
#양모펠트 #니들펠트 #애착인형
@kkongstudio",132,311
ozoo0909,3401827612,"🎁누군가에게 선물이고 싶습니다🎁
♥️만남의 축복♥️
백만인에게  축복의 통로지기
💑빠른길 보다는 바른길💑
섬기는 리더쉽
위너스 그룹
홍진희리더님&김종수리더님
😁당신에게 기회입니다😁
10년후 하늘사진전시회",324,164
ajjiggong,34815473236,"#자매스타그램 
#일상
#에찌꽁과잡스하우스
#건강하게먹기 
#걷기#요가#식물키우기",131,171
hhhhhanna.kim,1677057898,"11살 아들🤖
여행 , 캠핑 , 오늘 , 즐거움 🍓",197,115
tteokfarm,2279030116,"떡의정석 홍천떡팜®️ 직접 벼농사지은 햅쌀로 만들어요🤗 
어디에나 있는 떡같지만 그 어디에도 없는 떡맛집💕
DM❌. 카톡tteokfarm⭕",585,446
zummarella_,11374465974,"반짝반짝 빛나는 이 순간
일상기록
엄마의 일기",51,190
yumyumtoday,10271966069,매일 매일 맛있는 날~♡,170,88
heori_hong,6760492336,"4남매 키우는 꿈많은 엄마.
4남매 꿈을 키우고, 내 꿈도 함께 키우고.
행복을 좋아하는 덱
잘살아보자고 ~~
재테크도 좋아하고, 일에 대한 긍정적 사고.흠.
그치만 방콕은 너무 좋아.",164,298
jeonghwa_yang,1944962095,러그로 인테리어하는 패브릭 편집샵 Rugjang2 입니다.,82,91
phsun79,1957864056,,51,92
sirius0809,5400589362,"@pole_sirius
🌹사춘기 두아이맘🌹",101,94
isumin8926,4130353792,"#암웨이
#초딩엄마
#건강#뷰티#생활
#AMWAY AB0 
#감사합니다
#모든게잘되고있습니다
#Helping People Live Better Lives
#절대긍정",326,368
mi_hyang_choi,6362475063,"#아들둘맘 #아들스타그램
#AB형아들 #형제스타그램
#신선중학교 #남성초등학교 
#웅진북클럽영도지역국 #최미향국장 #0514174807
미광마린타워 종합상가 1층 웅진북클럽 영도지역국
#부산맘 #영도맘 #도치맘",643,437
hi_park__,1734076305,"2007. 01 💑
2010. 04 💍
2010. 10 🐯
2012. 10 🐉",92,103
daily._.11,35835088449,"일상스타그램
시현(11)",54,25
sy_lovehy,1407372804,,29,55
joji0410,3172948600,"꿈을 꿉니다 
글을 씁니다 
행복 합니다 
🚶🏻‍♀️☀️",200,444
ruruhouse11,33197910662,"기억력 나쁜 엄마라:)
예쁜 모든순간들이 잊혀질까 기록하는 일상!!
먹는거.노는거.좋아하는것들만 기억할래❤",98,175
erin_chang_2010,7944174358,"👭 sisters
두 자매 일상의 기록  
.
account managed by mom @eunhei_joo",253,312
kimmi.0118,2967986381,"<1호. zion> <2호.o new> <3호.sharon>
#쫄보엄마😲 #삼남매💞 #육아🍼 #홈베이킹🍰 #요리하는여자😋 #친구🖒 #소통🖒",210,251
hokeyjjun,31294263736,,8,3
gaeun7505,26101331616,"#독서로성장📚  #건강한삶💪  #수불석권📙📗📘
#위대한생각🧠  #mkyu열정대학생👩‍🎓👩‍💻  #씨클2기📱📲
#누구도대신할수없는존재 🧘‍♀️ #나에게머물기",34,37
tpskdi28,3304129145,"광고는사절입니다.
아는사람들만 만납니다.",352,376
jjuya_j,3060276727,"꿈 많은 민남매맘♥️
좀 더 멋지고 괜찮은 사람으로 살기!
Jesus loves you
Helping People Live Better Lives!!",116,159
mirnarea,5840814604,두아들맘.South Korea🇰🇷.니팅.코바늘.crochet. knitting.,54,65
iseohyeon1004,7293251511,"🅛🅔🅔 🅢🅢🅐🅜
            HOME 🏡
ғood🍝
тravel
ⓓⓘⓐⓡⓨ
⭐이쌤의 소소한 일상⭐",543,192
amway_mieun,4190383858,"암웨이 요리명장
🎈 김정훈 & 조미영 T.DIA 패밀리
🎈 한국 암웨이 요리명장
🎈 뉴트리라이트
🎈 면역/성장
🎈 건강/다이어트/디톡스
📱 010. 4858. 5279",690,500
soojin3334,7223976258,,171,133
book.8310,29769354025,"한우리수업과  아이들 책 소개합니다:)
#한우리독서지도사 #한우리논술지도사 #자기주도학습코칭지도사 #마인드맵지도사 #여의도 #문의는dm #댓글로남겨주세요😊",483,486
chacha__1005,6060774303,"난 행복합니다♡
강릉주문진 건어물추천
맛있는 오징어♡",461,394
iou56160,1424797313,"여수시 충무오거리길7
여성의류 전문샵,보세의류
&전국택배가능
&문의는dm또는카톡(iou5616)",138,299
rhd831023,2042854858,"#개인인스타그램 
#일상기록 
#행복한일상그램 
#부업dm금지",123,146
eunok2da,1635210252,"📞상담및예약: 02.383.2416 (헤어살롱비엔지 역촌점)
🏛역말로6길 7(역촌동62-10)
🌞카톡:eunok2da",155,162
lhy_424,15126686673,note to self,81,62
arum1128,1650107667,Life style. slow slow. Green      Florist  arum,316,260
dadongmom81,5791692158,"#다자녀맘😍 won mi😘
#12년째함께하는중💑🎎
#09년소띠🐮공주
#10년호랑이띠🐯왕자
#17년꼬꼬띠🐔왕자 #매일행복지기😊
#행복한가족#새로운시작#우리가족사랑해😍#오래도록행복하장😍
#장씨네가족👪👫#육아소통🌈",381,504
_park_kind,5497538754,"#진주 #평거동 #신안동 #신진초 #배영초 #제일중
#뮤엠영어 🦉 
{가칭; #박친절의 씐나는 영어교실}
쉽고 잼나고 소통하는 #초등영어, #중등영어
정신연령 12세 밝디 밝은 영어쌤~~^^
●일기장처럼 쓰고 보는 혼자스타그램~!!",153,43
i.m_yoonjia,7925723678,"신재혁♡아인 애미
함께 성공
함께 자유
함께 자람",125,147
vitayoung_oiler,4064365909,"#아로마강사 
#아로마미니클래스 
#아로마원데이클래스 
#아로마자격증반클래스
#아로마수업문의
   (소규모, 출강, 외부강의)
    => 인스타 댓글 또는 DM
    => 카톡ID: vitayoungoiler",230,560
mins_art_house,39733942287,"Let's paint together at Min's (Art) House.  
민이네 집에 놀러오세요. 우리 같이 그려요 🖌
Painting in Singapore #mins_art_house#민스아트하우스#singaporeartclass#싱가폴취미미술#싱가폴아동미술",43,41
mi.meeeeeee,1545372707,👨🏻‍🦱👩🏻👧🏻👦🏻,275,468
minklee83,24302097878,"#천상아티스트쟁이
#멋찐엄마🤱#멋찐여자💄👠
#무조건잘될사람~~!!
career
#메이크업아티스트#헤어아티스트
#경력18년차#웨딩#돌잔치#일반행사#지면#광고#홈쇼핑#출장#현재활동중",414,189
jeonghye0229,8051548030,"🌿 #일상 #아들맘 #daily #개인공간
😺 #반려묘 #집사 #소통
🚘 #여행충 ✈️
😋 #맛있는거 🥶 #이쁜거 🎀",196,92
sksmsdi51833,9125075600,"#중1딸
#4학년아들
@sksmsdi5183
#책#축구#축구소년#초4
#日本#日本が懐かしいママ
#岐阜#京都#大阪
#サッカー少年
#먹자그램#축구그램
#soccer#football#koreanfood
#잘먹고#잘놀고#잘자자♥",204,273
zhijuan7791,6178434884,"나를 사랑하자~~♡
여자매와 함께하는 하루하루~
和你在一起
소통♡맞팔♡",35,42
miseon6105,3530763686,이남매 엄마♡,150,127
jang.mi.gil,4832688497,"동구 율하동 1443번지 3층 jm helthtown
운동하는아줌마#
초4 7세아이둘 엄마#
반주좋아하는부부#",130,263
eun_suk1016,8957029659,"일상의 기록°
여행의 기록°",641,257
hyejinlove2455,4314660230,"#소소한 일상❤👨‍👩‍👧‍👦
#소소한 행복🥳
#이쁜남매 🧒👧
#추억담기🍀
#행복이란것에 감사하며살기🙏
#소중함에 감사💕",103,348
miran1225,4276857910,,135,78
ssen_ryu,1795958168,,192,184
munjong1004,2236430015,🌸,64,47
hey_sister2020,38808488327,유자매가 그리는 삶대로 이루어지길.. 아멘🙏,72,90
jungsehee98,14176861853,,286,201
choichj,4139983134,,221,104
ghn1304,3707879352,,344,479
rosistersmom,3280361912,"김로희♥로하♥로엘엄마
11살7살5살 다둥이워킹맘 💝
#현대해상#경산지점",332,392
daon0011,39873924397,"내서읍 한우리아파트 108동
#국어/수학/ 사회.과학/ 연산
#논술 #코딩 #영어
주4회 90분 수업.
문의 - 01055460011
카톡아이디 - daon0011",66,145
p.jiyeon_y.seung,2458759329,,53,35
ldg0330,15934687068,"-양산초
-10.03.30
-no.88",125,99
mindy_1203,4121251541,👧🏻Chloe & 🐶 Tongki's mom,83,264
rejoice5935,5437918053,"#전주나무카페 몸과 마음이 따뜻해지는곳
#건강음료 #프로틴쉐이크 #카페
#웃음가득행복전도사 #나무지기
#새콤달콤 #건강하게 #행복하게 
_
OPEN=오전10시 CLOSE=예약시간따라
#리조이스 #크리스천 #고딩맘 #홈쿡 #나만의레시피",324,313
beoyldabang70s,7753147498,#남포동여성복#싸지만예쁜옷#데일리룩#10대부터60대까지,96,83
yun_u_0609,3715967190,남매와 함께하는 소소한 일상,95,50
tgmoon239,37297026669,달~♡,43,18
huien._.studyday,12760481534,"♬ 이화여대 초등교육과 29학번 선생님 ✨ 
♬문의는  𝐃𝐌 or 댓글 부탁드려요 맞팔 다 받음
♬ 참고, 재촉 팥취 등 ❌ 1일 1피드 합니다 😉
▷ NOTICE 꼭 봐주심 감사하겠슴다 ❤❤
-
A++++an🎀",78,77
js_jeju,3082046631,기록,73,117
kimkahwa,1818057281,"🐯 🐵 두남매 일상, 육아 소통해요",350,246
blueribbondiary,5748281084,"📷 네이버 ‘이달의 블로그’ 선정(2017.12)
📖 책 ‘다시 가슴 뛰고 싶다면 브라질’ 저자(2020.05)
📚 자세한 책 정보 및 구입처는 아래 클릭! 🛒🛍⬇️",386,312
insook652,8158625123,"소소한 일상기록
체력짱 형제❤  체력 딸리는맘 ㅋ",337,578
cyj_1108,27970824561,,3,5
vietnam79,2110528943,Almacen 식사점,129,62
songsong2_mom_usana,3620228662,"유사나 제품문의, 사업설명 환영해요
#유사나 #대구유사나 #USANA #영양제 #비타민 #뉴트리션
'진정한( U ) 건강( SANA )' 을 전하는 유사나
🏅 뉴트리션 제품 비교가이드에서 별5개 최고의 제품
🏅 2018,  2019 건강기능식품 종합비타민 부분 대상",240,274
vivid___s,1310272703,,450,330
heebinlim,4249868773,🏐배구사랑 🏐안양배구교실 🚑응급처치강사 🍞제과제빵기능사 🎂케잌 데코레이션,110,84
designsuny46,4851316074,"11세9세 아들둘맘
초등맘
광고디자이너 & 주부
일상소통",197,139
jjoojjoo_jjoo,8094310444,"물앙경💕
또로롱💕",246,294
hms48,1502396761,"행복이네♡엄마선생님~~~
다둥이들과 행복공간
#교원
#시스템활용
#스마트교육
#채움북케어
#엄마와함께
#자기주도학습
#성장일기
#다둥스타그램 
#육아상담
#독서상담
#빨간펜
#남구센터",484,642
seehyun0404,6043529242,"에어로빅강사♡
줌바강사♡
운동하는여자♡
두딸엄마♡
개엄마♡
하루하루행복하기♡",294,326
choi_sinhye,2147895620,,56,208
ppang75,3285984418,운이와 함께하는 시간❤︎추억남기기,102,226
ssk83ssk,2219420870,"#딸맘 #세아이맘 #워킹맘 
#10년생 백호랑이
#15년생 청양띠
#17년생 붉은닭띠
#딸스타그램 
#육아
#딸셋
#다둥이맘",293,76
choobro_mom,22737541434,"다육생활🌵 
초딩육아맘 
추브로 아들맘
소소한일상🤵👰👦👦🧒",141,81
choeunyoung83,5702227840,"남매스타그램
10살7살ㅎ
행복한가족♡♡
할매추어탕",87,160
dancer_bonita,8317781867,"#줌바#줌바키즈주니어#밸리#라인댄스#안산줌바#공연#재능기부#레슨문의#레크레이션#댄스워크샵#라티니스
💃카톡 model9069문의 요망!!💃
#춤추는#초등여아#초등남아#줌마그램#안산수암동#발로찍는사진#맞팔하면선팔 #선팔하면맞팔#유치원댄스강사#집사#캣맘##콜라핏#냥이그램",79,135
silver3391,3105792323,삼남매 다둥이맘의 일상~♡,207,147
time_and_story,3641952116,"아이셋😍아들딸딸 엄마🤔
뭉치🐩 집사
멍~~~~때리는걸 좋아하는 ..
캥핑,요리,애견,요가,집꾸미기,교육등등  
모든지 열심히 하고 싶은 뇨자~^^",82,339
kim.yujin.904,9134271920,"찬&란
찬란한 그대
찬란한 그녀
찬란한 우리들 이야기
ㅡㅡㅡㅡㅡㅡㅡㅡㅡㅡ
우리집셋째,냥냥이야기",127,103
handoumscience,4342987199,"대한민국에서 과학기자재를 참 잘 만드는 회사👨‍🔬
한도움사이언스 유튜브 바로가기
👇👇",87,72
su_gyeong.89,1820601078,"행복한 일상 ◡̈ 
ㆍ
ㆍ
#일상 #초딩맘 #줌마그램
#직장인 #딸스타그램 #아들스타그램 
#최가네며느리 #갤럭시좋아 #한국인",689,525
digejoa,6079646954,♡남매맘♡집밥♡운동♡,409,287
julie_bjh,4560797322,"South Korea. married. mom of 2. christian. movie. book. food. daily. etc.
🤚상업적, 홍보성 댓글과 팔로우 사절",106,180
an.jong.mi,7916348290,09년생 아드님♥  10년생 따님♥,70,63
chouette.atelier,5624011521,"#원데이클래스수업
#뜨개수업(코바늘,대바늘) #마크라메 #자이언트장미
#슈에뜨아뜰리에 010-8674-5036",123,149
sunny_wendy31,39031034620,여행✈🚃🚆 하늘☀️🌨🌧❄⛱ 자연🍀🌻🌹 음식🍨🍻🍹🍽🦞,65,6
ibori_youumint,1457460388,@ibori_stitch,215,342
edgelang2019,11894261253,"나 엣지있는 요자야~👄
(강아지옷 만지는 요자🐶)@doggyholic2018
#워킹맘#아들맘#일상#도기홀릭",75,163
sdk2927,3446086822,"#아들둘 #일상 #맘은20대 #맛집 #그때그모습 #여보랑 #마눌님
#친구랑 #아빠야 #맛스타그램 #옛날감성 #갈만한곳",190,281
miyoucoco,3981182889,#푸드#베이킹#스벅매니아#남매그램#일상#취미생활#머랭#소소한행복#야매키토인#키토#간헐적단식#저탄고지#야매키토#요리#요리스타그램#요리그램#김밥#먹스타그램#막스타그램#야매요리#주부놀이#일상#맛스타그램#foodstagram#instafood#데일리그램#천안맘,468,616
niceoil7,2277654049,,102,91
hyeon_jin_eun_mom,5558331221,#세딸맘#현이진이은이#일상#육아,146,133
wone_1230,39679959670,김성원,8,9
jubaragi8334,5889756729,,36,38
sinbi602,3251685307,"10년태어난 딸, 13년태어난 아들, 16년태어난 아들.. 요렇게
#삼남매 키우고있는 엄마에요 🤗",338,592
jiji_mami,2074230675,"오늘만 최선을 다하고
성장하는 삶",12,132
ann._.111,5858372744,"#직장인#초등맘#아들맘#가족여행🚐💕 
#sustainability",178,173
minkyungkang81,4620513224,,57,188
lewis_artclass,2010673522,"Drawing Class for Great Ideas.
[성인 수채화] 월~금 오전10시
[초중등드로잉] 월~목 2시 4시
.
네이버블로그 [루이스아트랩]",447,106
sweet_hands_10,6089358866,"육아, 취미, 일상이 다반사....삶
🤬인스타로 돈벌어요 제발 사절🤬",99,63
jiyeong.park.9,1432290418,"공연팀 외에는 사진 사용 금합니다.
발견시 사진 바로 내립니다.
사진보정 안해요..
먼저 인사해주세요.^^
#아동복지 #사회복지사 #생활복지사 
#낮가림주의 #부끄러움많아요 
#일상 #뮤지컬 #연극 #공연",198,311
onelife.mom,28009595546,"내 아이와의 소중한 시간
#홈브런치#홈카페#집쿡#플레이팅#사랑#소중한#시간#추억#여행#가족#사진#패션",267,179
jeje____love,3494937988,"일상기록
인생을 정성껏 살아보기",193,217
ssugi_gasi,9602569975,"딸아들맘
#초등육아#남매#여행#일상",167,212
luv2una,6038282191,유나 작품 모음집 👧🏻,18,16
joong3782,8233320528,#KTIGERS다산관 #김석중 #지도관장 #다산관 #DM,170,14
eunsunglee0308,7236071426,"#책스타그램 #동화책 #청소년책
#일상스타그램 #삶의기록
#육아일기 #수업기록 #낙서장 
#추억 #우리집 #자람논술 #자람수학#냥스타그램",166,111
jeongeunjeong65,19381642160,,60,12
woon_kim79,1767942333,후남매 그리고 너와나,368,309
suk02282,6421164819,,81,134
lim_do_gyu,3141774966,"17년전통 뒷고기 전문점
오픈:오후3시
마감:새벽1시
예약환영:051)514-2732
가맹문의:010-9634-1032",521,603
wow_atelier_,8176693816,"송파구 잠실동 (잠실새내역)
#art #academy
#예중예고전문미술 #취미반 #그림 #아동미술 #내신대비미술 #회화 #미술영재반#예중입시#예고입시
문의는 엘스관02-420-3160 /리센츠관02ㅡ420-4243",93,86
keum_jungeun,1736015965,후회없이 표현하며 살테야^^ 맞팔은 잘 안해요~~😅,122,87
yulvely2010,12788198067,"생일🎂 10/5
365일 그림",29,41
kyh100627,38978948973,"https://kr.buddymojo.com/match/amhH
유튜브함니다-이름 라유미 프로필사진 라라
마캐이름 LINA♪ 도용하면 신고+쥬금
유튜브도 라유미 임다
한줄요약
1.프리파라 덕후
2.초4여",52,63
tmajvpt,5794290751,"두딸맘 /일상
2010년3월생
2015년2월생",277,176
joonwoo873,36655650576,,19,35
yangjin2532,2269166762,#웅진북클럽팀장 #두아들맘 #초딩맘 #워킹맘 #사람이좋은맘 #유쾌한맘 #커피수니 #먹수니 #일상소통#소소한힐링공간 #🙌,365,252
sujung7776,6771431471,"👑피부전공자 노하우 1:1케어 ♡인셀덤 ㅡ크리스탈 
💎제품문의ㆍ샘플체험문의. 🔊카카오ㅡyang7776
💎보타랩ㅡ 시그니처 샴푸ᆞ트리트먼트 식약처인증 두피케어ᆞ탈모예방완화ㆍ
💎업계최고보상플랜ㆍ검증된제품ㅡ리만코리아
세 남자의 사랑안에 소소한 행복한 일상다이어리❤",430,562
ham32_25,10348043955,,41,215
seoul_seongdongfc,38103442578,"⚽️서울_성동FC
⚽️SEOUL_SEONGDONGFC
🤙문의 : 010-2067-2551
👍각종 축구, 풋살 시•도 대회 및 전국 대회 출전
👍국제친선교류 및 국제 대회 출전
👍명문 중•고등학교 진학 및 프로 유스팀 진학
#서울#성동구#축구클럽#축구교실#축구센터#축구부",396,664
kimheeeun7757,4058669586,♡영웅♡아린♡,106,104
youn_do_kyoum,3986319431,더 좋은 성적을 위해 또 열심히 뜁시다!!!!,258,290
mothershop_heymom,2057697324,"❌ 재테크,부업안해요 ❌
🌟 춘천 퇴계주공 5단지 정문입구 
🌟 풍미있는☕️ 예쁜👗👡👚👖👒 향기있는아로마💕 와 함께하는 춘천카페  
🌟 카카오스토리 ID: mothershop 🌟 카톡ID : 마더샵 
🌟☎️033-253-5828",212,423
ss____fam,1430529662,Life goes by.....,191,138
yunhee.4864,1358782084,🎀,155,139
firenze0091,38306644065,"▫️유치부,초등부,예중,예고입시반
▫️취미반,성인반,피아노 🎹 
▫️유치부,.초등부,창의미술,
▫️예중,예고 미술수업 🎨
▫️성악. 플룻. 입시. 전공.취미반
▫️해운대 대천로 38 4층
▫️교육상담 : 051-746-0091",55,63
bijou_0725,7977619688,"07년생아들🙋‍♂️ 10년생아들🙋‍♂️ 14년생딸🙋‍♀️ 맘
일상이야기.. 주절주절 
인스타초보
🙅‍♀️돈이 필요하긴 하지만(ㅋㅋ)
부업,알 수 없는 외국 계정 차단합니다😅",125,185
usedjgy1942,18553751661,"❤솔터초
🧡4학년7반
💛보라돌이남매 💜귤💜쭌.  강아지도도🐶    💚코로나모두조심하세용.거의틱톡계정
💙2010년생
💜생일12월2일
🖤두산베어스 ⚾️
💝일상
💗사진
💔똥꼬발랄지니어스컷🐒
💘꿈을이루자!
💕틱톡하시는분틱메남겨주세요
❣인싸가되꼬얌🐰",13,15
chloe001282,2276502490,건망증 심한 다자녀맘... 오늘이 마지막인것 처럼 즐기고 까먹지않게 기록하기,90,10
sun0281,1650366858,"건강한 삶.
행복한 성공을 추구하는.
뉴스킨 사업자.
#갈바닉
#루미스파
#에이지락
#180도
#TR90",231,368
youngsun_jumping,5360181281,"🎁망포역점점핑하이/점핑다이어트/트램폴린운동
🥛균형잡힌영양식사/단백질식사/건강한다이어트👙/👒허벌라이프코치/1대1개인맞춤/건강한아침식사/상담환영/💪점핑운동/점핑국제자격증👑👑
💞채남매스토리
💻카카오톡 아이디👉👉 leeys20
☎️ 체험예약 상담 👉👉 010.8982.5697",308,320
h2t2mj,30735698882,"미술과 축구, 피아노, 바이올린, 그림그리기",7,0
danke1616,1541321934,"💡점프노리 광주주월점
     광주 남구 주월동1273-11번지 2F
     일상. 딸냄. 6세. 아들은사춘기",402,345
myunc_,2321897297,"맥락없이 올리는 사진들.
꼬마곰♡아기곰
그리고.
일상다반사",495,314
kej84625,40406095505,,59,67
ny_lee_i_i,40216871128,11_Lv,0,2
luv._.emma,9237389506,#집밥 #아침밥 #맛집 #breakfast #日常 #일상 #소통 #記録 #바수 #부산,497,313
lilliput_utop_yeosu,32952182220,"일에 대한 마인드/ 개인 일상 담은 개정/
🌺 #유탑마리나호텔 #액티비티팀 #여수키즈카페 #캔디카트 #캔디카트이벤트 #아이돌봄서비스 #방송댄스프로그램 #놀이미술프로그램",411,260
ssh8781,6402304725,#세종시 #삼남매 #좌충우돌 #소중한일상❤️,101,143
threebears_happiness,5397592369,"행복한 곰세마리입니다~🥰
인생은 마흔부터🐻🐻🐻
#MKYU열정대학생#MK코스모스2기#cio2기#DD1기
#미라클모닝#새벽기상#반려견#초딩맘#재테크#자기계발#영어#중국어",579,384
saesaci,4093498439,,377,428
lala__ju,3679917471,워킹맘의 일상그램 🌸,408,374
mins_flute,38204885038,"💖 플루트&음악교육
-
🎼 초중고/입시반/성인반
🎼 1:1개인레슨 그룹레슨
📩 레슨문의는 DM주세요.",78,42
dlgywls1931,38960535301,,37,18
study._.sh29,10598777761,"🍁저에 대한 모든 것은 Notice에!
🍁6.15~공스타
🍁프로필 사진 접니다:)
🍁DM 안 받아요🙅‍♀️
댓글로 달아주세요!
지인들은 톡으로 얘기해주세요!",155,190
hj00902,5861914455,,64,148
gimsujeong6869,5912634491,,69,109
dodambaby_look,4031867339,"손발조형물 전문업체입니다
서울,경기,인천,가평,춘천,아산,천안 출장 가능합니다
세종,대전 지역도 가능하니 문의바랍니다",410,140
hanwoogap,2107276433,"in 광교 카페거리
투플러스 또는 원플러스의 최상급한우만을 취급합니다
한우주문시 육사시미, 육회, 천엽, 한우된장찌개, 계란찜을 서비스로 드립니다.
4인 룸부터 20인까지 다양한 단독룸은 예약제로 운영됩니다.
한우갑 예약문의  031)211-6217
부업 할 시간없어요",264,364
pieora_scent,2150236142,"🚉월곡역, 고려대역 도보 가능거리
피어라
🕯KCCA  아로마 캔들지도사범
🕯클래스(원데이/취미반/창업*자격증반)
🕯소이P캔들 클래스
🕯인증완료 제품 판매
[상표권 출원]
문의및 주문은 오픈카카오톡을 이용해주세요🤗",612,392
ljh1st,7211190895,,24,54
gogh_art.suni,4165253107,#실력과사랑#신나는학원#포승미술학원#고흐미술#내기리명지아파트,130,180
bongbonghee79,6162527066,B.H story,117,80
matthewhan1004,20168743114,"롱보드,축구,수영,피아노,스키,닌텐도,플스
⚽️🎨🎮📷🧸🎠🛹🏂🏊‍♂️⛷
⬇️ <YouTube Channel> ⬇️",110,155
sejelye.woo,31978391549,,1,11
yehyeon.gim,33910989906,,20,2
iamjuko,1442600749,,108,102
innobeaute,3600769456,,158,193
janemomm,2178794042,"-공부계정:@somcha10
-9월달까지 게시물없을 예정
-2째 계정",13,37
gsirang,38285988178,,11,92
kimseohyang83,1509669714,"#83년생 맘😁😄😀
평범하게 먹고사는 일상 ^_^",593,229
jjong_a.1024,4126589540,나답게!!,71,73
k0041052,2093608648,"다시 돌아오질 않을 오늘에 최선을 다하는...
사남매와 함께하는 소소한 일상 이야기 ❤️",409,227
purple.yeojin,1978745050,"커피, 음악, 책, 소주, 운동, 기아타이거즈
그리고 너💕
.
지극히 일상적인, 아주 소소한 이야기😄",232,138
art_sang_t,12423682700,"👩‍🎨나에게 꼭 맞는 나만을 위한그림
🖌소수정예 미술과외수업
.
♡ 지루한 기초과정이 없습니다.
♡그리고싶은 그림만 그립니다.
.
- 수업문의 : 010-9219-4533
.",563,491
ltl_princess0607,5661810515,,55,41
objetkoo,12828743899,"🎨수아트미술#suartclass
🤖정글존 @junglezone1710
🍭오브제캔디 @objetcandy
🍭오브제캔디스토어👇👇👇",25,26
knitting_byul,254916146,"🧶뜨개하는 별이네 
#아역배우김현우 
🎥🌠@hyunwoo_2010
------------------------
#뜨개하는별이네 #뜨는별
#보그지도원과정 수료
#일본수예보급협회",97,64
kidsarti_st,35466629894,"👸🏻with 세은쌤👸🏻 
🎨ART VILLAGE🎨
•차별화된 창의적인 수업
•꼬마예술가들의 작품
•한국사와 미술의 만남!
•성인클래스/원데이클래스",119,62
su_love_0850,8173136299,"+ 모든날,  모든순간 🤞
+ Hyun&Min_L.",62,29
luvseoli,2166772906,일상기록🌈,43,115
319eunjung,4498853987,"#주기적으로 인친 정리합니닷!!
#dm안봄#아들키우며사람되가는엄마
#일상을 즐기자😄#아들관찰일상",117,105
joochaeyul_danbi,1596599212,"🌿 주채율 삼남매 👭👶🏻
🌻박주아 (2010.09.18) 11살
💃키즈인댄스, 4D_Lable, ON1 ent 데뷔조s",190,234
luckysmile0910,5611527937,"딸셋맘 07년🙅‍♀️ 10년👩 16년👧
..
세 딸아이 일상 기록💕
..
🥘요리하는 엄마
🏃‍♀️운동하는엄마
📗책 좋아하는엄마
🛤여행  좋아하는 엄마
#MKYU#MK유튜브대학#CIO2기#씨클#열정대학생",226,191
yunmi_studioy,3877994324,,231,597
kyungjin_78,1977625632,,18,12
kimtw0223,1440976474,,208,51
hs.l.o.v.e,4511145736,"@hs.l.o.v.e_yamaha
일상♾딸👸아들🤴직장인부부💑
중1,초4,🎒쌍둥이맘👬다자녀맘👏
.아무것도 하지않으면 아무일도 일어나지않는다.
#야마하거제점#윤기오토바이#모토신클럽",285,92
mijining_park,1963725249,"오미자 일상💋 
열한살공주  여덞살왕자👫 30대애둘맘
#육아#헬육아#가족#소통#여행🙆",410,142
j_rani0619,3136700164,"#삼남매맘 🙆‍♀️🙋‍♂️🙆‍♂️
#일상스타그램#아줌마#다둥이맘
#아줌마스타그램#사진스타그램
#교육부인증기관#학점은행제#국가자격증#민간자격증
#사회복지사#보육교사#평생교육사#장애영유아#학위
#블로그#클릭 ⬇⬇⬇⬇",470,144
dookong_10,39855735191,"Introducing. 10년생 여 4학년
Goal: 서울대 수의학과 29학번
두콩이랑 열시미 공부할부운! ʕ￫ᴥ￩ʔ
맞팔은 공스타만 받아여♡
선팔하면 맞팔!",95,2
hyun1226,14567424,,66,192
hando_um,39384387615,"과학교육의 발전을 돕기 위해 열일하는 한도움 사이언스입니다.
한도움 사이언스 블로그 바로가기
👇👇👇",3,0
chaechaelove__,13095684250,"#삼남매 #육아일기 👧🏻👧🏻👶🏻
#엄마랑여행 #추억만들기 🚗
#다둥이맘 #육아일기 #엄마표놀이
.
destin🌸kids/flower/living",431,530
v_english77,31521005143,"- #소수정예 #1:1 #teaching
- #초등 #중등 
- #영어그룹과외
- #뷔잉글리쉬",75,39
chunsso1155,4642477767,"#아들둘맘 그리고, #일상
먹는 행복,만드는 #행복",88,108
hyelee_jjo,2374620033,"이쏘,한쇼남매와 10년차부부의 소확행♡",163,383
hufs_abroad,32698209965,"상담전화 : 031-330-4879 
카톡상담 : HUFSLAB001 
상담시간 : 10:00~18:00
홈페이지 : http://hufsabroad.com
블로그 : https://blog.naver.com/hufs_abroad",94,3
cute6650,1663677145,"고1, 초4.
6살차이
아들둘 엄마
매일 즐겁게 살고만 싶은~😊
일상, 여행, 나들이❤️",217,479
dbswjd1048,2010717826,#이오쀼 #이오재재가족 #아들둘맘  #똔땡님 #NC다이노스 #엔린이 #광고댓글금지 #캠린이 #에르젠 #율하자이힐스테이트,116,147
aloha_0909,5868124543,,194,99
attractive_serena,4030382797,,238,161
jungranggrim,5706956110,"그림 알고 그리면 누구나 멋지게, 재미있게 그릴 수 있습니다~
건강관리하면서 멋진 그림그리기~~~~",43,40
lovewoo002,4724369384,"다. 이. 어. 리 d. i. a. r. y
WORKING MOM
ZUMBA instructor",184,231
hyun_a1028,12981252922,"#축구를 사랑하는 아들들⚽
#초②/초④ #유소년축구
#일상 #카페 #맛집 #축구😍
#남자셋과 삽니다.👨‍👩‍👦‍👦",187,135
na_nim_gallery,14989362330,"보고 그리고 쓰는 나님(영은)
* 지금을..나로..온전하길...⚘🍀🦋
* '나님' 의 소중한 창작물입니다(글귀제외) 
* 불펌,도용🚫",691,24
sosobell_archive,12490830236,"👩🏻‍🏫기록용 
2020.05🧚🏻(26/60, 27/60)",28,60
dini.yo,1463931485,"좋아하는것;
명상
책
하늘
바다
아기들",190,64
hyojin_kim2785,3543478386,"쌩얼이예뻐지는#늘2쁨입니당.
예약이나상담,수강은010.3934.2785이여요",145,116
art_youngeun,15008782242,"♡아틀리에♡yu-ssam♡
창의.감성.콜라보
포항 북구장성푸르지오
개인레슨,그룹레슨,외부센터 유치원 수업출강,
유아~초등~중등~수업
성인취미 1:1class 
원데이class~작품완성
수시상담~♡
#010~2557~1645 ♡",114,83
choi_kyonghwa0909,6785473057,,127,177
minamina8686,6028083888,,82,44
yoomsta0316,7160535540,윰 개인🌙,415,148
venus_kang99,4809866419,"사랑스럽기 있기 없기♡♡
운동하는 여자
딸둘맘
포메라니안 사랑",288,204
gimjihye83,4305714595,"상담문의 : 01088786541
#장유율하미술
#수남초
#김해율하미술
#율하중심상가
#4세미술
#초등미술
#9세아들10세딸
#아트앤하트
#율하이편한2차",382,347
michinsonyu_,7447341702,"MICHINSONYU
살짝 미쳐야 인생이 즐겁다!
강원도 사는 경상도 사람!",376,100
knh_lifeee,867981,"페러글라이딩 / 가죽공예 도전하기
🇰🇷🇯🇵🇭🇰🇰🇭🇨🇿🇮🇹🇹🇷",312,379
parkmh1110,6645678510,"후회하지 않기...
후회는 실패가 아니라 최선을 다하지 않았을때 하는것!!!
내 버킷리스트 실행하기...",169,98
hae266,3045152422,후브라더스 맘 💗,687,463
asdllop,39850164035,"2010. 09. 26
서울대 의예과 29학번
여은이의 소소한 일상 💘
@yyooonseooo_ 윤서언니❤
#선맞팔환영 #외과의사
부계 @applepen344",226,38
yjsase,9260690697,,46,47
__yes_ri,1666310104,,244,262
incellderm_1111,32663209597,"🥇인셀덤&보타랩 신용대리점 
🥈주)리만코리아 V.Group 삼정브랜치 
🥉피부.두피케어 증상완화
🏅체험.사업문의:010-8498-1111
🎖#광주핑크샵2호점#광주핑크신용점#핑크체험샵
     #광주인셀덤핑크샵#광주홍민하#광주체험샵#광주핑크샵",353,311
private_tutor21,10209348747,"_미술강사
유,초,중 강사
미술•한국화•디자인•페이퍼아트•공예
개인, 그룹 과외
문의는 👉🏻dm 주세요~👈🏻",31,0
hanjjang3150,1364848011,비둘비둘비둘,213,388
meomureum_rattan,15271354333,""" 머무르기 좋은날 라탄과 행복을 엮다 ""
 🌱한국등공예연구회 강사
 🌱원데이클래스/취미반/정규반/출강/강사반
 🌱제품문의 가능 
 🌱kakao:park6390
🌱@meomureum_rattan
 🌱서울/은평구/서대문구/마포구
 🌱은평구 역촌동61-1 1층머무름라탄공방",218,269
imseongu306,8036225900,,104,203
vn_im_vely,27891720299,"𝕍𝕚𝕠𝕝𝕚𝕟 𝕃𝕖𝕤𝕤𝕠𝕟 🎻💙
-
#Violin
#개인레슨 #방문레슨 #그룹레슨
6세부터 성인까지〰️
-
📩문의는 DM 💌
-
#AJ션뮤직 🎶
#Beautiful_Culture_Class",35,15
gimpo_hanuribook,26160815144,"📕한우리 독서토론논술
🎼김포 장기동에서 아이들에게
📔책을 읽고 생각하는 방법을 
🖌가르치고 있습니다.
🍬수업문의는 아래
https://open.kakao.com/o/scdv98nc",490,636
moonhan_diary,31973200528,"#발레 발레리나를 꿈꾸며
#그림 그림그리기를 좋아하고
 #사진 찍기가 취미인 
#인스타키즈그램",56,34
doowon_son,3613174399,"🔸우수 인증 설계사 ♡ MDRT 540383
🔸종신 ♡ 연금 ♡ 실손 ♡ 기가입보험 진단.분석 상담
🔸여성을 위한 TLP상담
🔸전보험사 보험금 청구 대행 ♡ 일시납 상품 상담
🏆전 보험사 자동차 보험 견적 써비스
🏆10년차 😊미소천사FC",268,547
stella_han01,1835881,"더샾음악학원 (센텀초맞은편 우리은행상가2층)
피아노.바이올린.첼로.플룻.클라리넷.성악
□오디피아노전문원□성인취미반 □오케스트라수업 □성악특강 □어린이중창단 □악기적성검사 □시창.청음□예중.예고입시 
☎️051-741-9595 
카톡상담 amy401",113,44
studio_koo,2955848474,,68,64
gnaissance,1516846361,"지극히 갠적인 공간 
+ 플러스 또다른 무엇이 있는
지나+르네상스 =즈네상스
감각 센스는 돈으로 살 수 없다!",314,358
narebeca_mustard_tree,6058933543,"좋은생각 먹이기//바른품성 입히기 주님 앞에서
인생2막....
당신을 위해
둥이를 위해
나를 위해
옷 짓는 여자
shop close : Saturday &Sunday
kakaotalk: narebeca",460,197
yeondoo_grim,39501970523,초4 / 그림그리기 / 만화 / 만들기 / 보드타기,12,5
mint._.mind,3097458790,#식물스타그램 #집스타그램 #딸바보 #일상 #소소 #보통의삶 #일상생각 #식물생활,46,104
_shu_mom,8550949889,"일상의 소소한 행복
ㆍㆍㆍ
#주부 #육아 #집밥 #일상 #초4딸  #야매봉틀러 #아무거나그램",105,90
pk_m_16,34746511360,"NO.16 한정훈🙋🏻‍♂️ 
➡️ 울산 • ⚽️ • 어린이축구 • 클럽축구 • 2020
🐯 • 초4 • U10 •원탑FC @ulsan_onetopfc
🙋🏻‍♀️일상그램 : @park_km_16",105,95
moms_kids_english,33201267721,"책육아하는 맘스타그램
영어를 일찍하는 것은 아이들에게 넓은 세계를 볼 수 있는 세계관을 갖게 됩니다.
영어 못 하는 엄마도 노력으로 영어수다쟁이로 키워요.#영어책육아
#엄마표영어 #엄마표영어놀이#영어원서#홈스쿨#담백한브랜딩#맘스타그램#초4공스타#초2공스타#책육아#",30,41
hichinip,5369364585,"📞010.9277.5231
#박쌤❤ 
-개인교습자 제157호
💡웰이스턴영어 
💡태안 영어 과외
-꿈틀.다락원. 신사고.천재등등 검토진참여
💡초등,수능.내신 영어
💡초등.중등.고등
💡초등 방과후 수학지도사
💡kakao ID : hichini",439,470
senhiku,1915146256,"안녕하세요~ 94년생 청주인입니당
맞팔환영이요😉",36,79
lily83kmj,5463662895,"소소한 일상♡
언제나 즐겁게 살자~♡♡
ㆍ
익숙함에 속아 소중함을 잃지말자😄",103,82
isangmi9891,5592935801,"다섯가족👩‍👦👨‍👦‍👦 40대부부💑 운동좋아하는여자🚴‍♀️🏋️‍♀️🧘‍♀️🏄‍♀️🏃‍♀️
일상에서 소소한 행복찾기😁😁 현재를 즐겨라🤗",196,217
wj_mi_kyoung,6930161064,"#웅진북클럽#북큐레이터 
전번 01090036063
#전집#창작#그림책#교과#위인전#백과#누리#학습지#전뇌#뇌비타민#학습지#곰돌이#육퇴템
↓↓↓↓↓↓↓↓↓
추천인코드13175410",84,224
purunet_special,13569010193,😆🎀아는 사람은 다 아는 특별한 공부방🎀😁,322,195
jang.min.jae,7412731355,"[빨리 가려면 혼자 가고, 멀리 가려면 함께 가라]",90,79
bomhee_ha,2128280793,소소한 기록,437,231
hunji.gim,1540390888,@lily0.524 쭈하쭈하♡,95,198
jiyoung.1986,5409675668,"#너와나#일상#❤
#9살차이자매#육아일기
#네식구👨‍👩‍👦‍👦#사랑이야기
#심장폭행#이쁜아기",341,231
596house,1483859058,"반가워용🥰
오구육하우스의 일상
오구육자매의 일상
그리고 오구육하우스 제품소개
🎼제품구매는 링크타고 오시면 됩니다🛍🛍",188,285
jjiumommy_,9279091035,천천히자라라~#남매#성장일기,203,139
suni3333,4249655437,,103,212
a.t.f__toloveme,4170652494,"집순이의 
아들 아들한 일상 
🐴🐴🐭🐯
ㆍ
ㅡㅡㅡㅡㅡㅡㅡㅡㅡㅡㅡ
더한울운영👇
[ 대구싱크대제안 @kitchen_hanul ]",186,637
seheeeee_jung,2019626763,세히 #육아스타그램 #데일리 #일상그램 #젊줌마#딸스타그램 #아들스타그램 #11살아들 #4살딸 #백호띠 #닭띠 #2010년생아들 #2017년생딸 #엄마 #아빠 #아들 #딸 #일상기록 #지극히개인적인 #가족추억,403,220
sjsmom.khy,3157764375,"삶 의 흔 적 
잔 잔 하 고
의 미 있 는 일 상",208,167
khee0214,2121741578,"소박하게, 
별일없이산다~",148,25
aliceholic1,2104607,,52,290
ain_awon_ail_,1728580478,"삼남매🥰
Ain_Awom_Ail Happness💛
I Like eat cooking made💕
@lamere_masion",324,322
ah_rume12,1204349954,"#일상#내기록
#피아노쌤#피아노전공#지금은쉬는중⌛🎹",489,355
kswkpr,1289382953,"🐷❤🐷=🐯+🐲+🐭
💍 2010.01.09
🐯 2010.11.10
🐲 2012.07.21
🐭 2020.08.52
KSW ♡ KPR
KMJ ♡ KMS
사랑하는 신랑과 세아들과의 데일리스타그램.",48,600
banbanhada1,17416331741,"스타일과 퀄리티를 한번에..
다양한 구성, 합리적인 가격~👏
#한남동 핫플레이스 
여성의류매장 #9percent~❤️
#책사랑 #옷사랑
선팔해주시면 맞팔~^^",117,125
u_jjung.2,2275889900,"#아들둘맘
#여행
#음식
#즐거운육아
#일상
즐거운삶♡
소통은좋아요",235,316
kkum_da_bang,7154080910,"#여행🌄#걷기🚶‍♀️산책하는 건강한 일상
#먹고🍖마시고🍹웃는 맛있는 삶
#애견🐶과 초딩 #연년생 엄마
#자기계발😋#책읽고공유하기
#노인뇌건강#치매#시니어사업준비중
#심리상담#사회복지사 공부중
#mkyu열정대학생👍
#amway ABO
#cio2기   
#씨클",630,428
hyeonsil1605,4863017185,"_삶이 여행 _여행이 삶🌱
📖📚",596,209
minemineminemmm,5549764977,노광고,321,99
michelle_seungmin,3701215905,"Life in Korea.
Travel..food...interior...and my girl who loves aerial yoga and sports
여행..맛집..집밥스타그램..인테리어.
플라잉요가와 운동을 좋아하는 11살딸 과 워킹맘의. 유튜브채널은 딸’s",126,131
jenny_exciting,5604697476,#슬기로운 나의생활~ #24시간 이 모자라~ #아이셋 #워킹맘 이제 #나에게 하는 #시간 #투자 아까워하지 않기 #행복하자 #아프지말고,630,266
yuda_yujin,3223210368,"아그들 클때까지 최선을 다해 놀자
아그들을 위한 공간
독서...그것이 문제로다.",99,107
hyeyoung._.86v,12243911655,@,50,72
gimeunmi442,7848656318,,96,135
jh2cool,382945898,"먹고,살아가는 이야기
책도 조끔 읽고, 캠핑도 가는
일 하는 엄마
Rejoice always / Andante con moto",327,363
paper_craft701,38404094649,"•가베지도사•아동미술지도사 
•그래픽디자이너•페이퍼제품제작 
⬇️🦕디노 구매는 여기로🦖⬇️",161,260
mono_hand_psy1208,1484041479,"#모노핸드 
@mono_hand
초딩맘 
부업안해요🙌🏻",189,165
911223p,1992092004,"❤1987.04.24 김명찬🤵 💋
❤2016.02.10 김민준👶 💋
❤2017.09.06 김민서👶 💋
❤2019.10.28 김민주👶 💋",290,291
jung_mi_ya_zz,1956332679,"#코웨이 #창원 #사업국장
#일년간같이미치실분모집중
#영업이쉽지는않지만어렵지도않아요
#함께할식구모집중 #01047344403
#직장맘 #초딩맘 #아들맘 #초4아들램👦 
#반려견그램 #사지말고입양하세요💕  
#믹스견 #보리맘🐶 #개딸 #엄마도여자",268,368
ssongheeeee,2026456301,"서른넷나의일상
초오아들 초삼딸 엄마
용용이짝궁
새집증후군NST에코그린",218,267
mini_bog.0,2134214904,"아름답게 나이들기 & 교육사업 
맛난 음식 좋은 사람들 행복한 시간
Good food, good people, good time
    
🔇말 못하고 리딩만 하는 영어??
👉영어는 공부가 아니라 말 🔊
🎀 토킹스타 김해지사🎀 
블로그로 오시면 더 많은 정보가",163,97
yellowricemom,5422299233,"#대구 #네아이맘 #아이키우는재미 #언어치료사 
#언어치료#책읽어주는맘 
#네남매맘 #11세 #10세 #7세 #5세 
#사람사는냄새",268,436
o_sang_hee,18129182572,"- 바름필라테스
- 1:1 개인레슨 / 1:2 듀엣레슨/ 1:3 소그룹레슨
- 기구ㆍ소도구ㆍ매트필라테스 ♡발레핏 ♡요가
- 필라테스쌤
- 워킹맘👩 초딩둘맘👫
- 레슨문의 DM주세요💌",368,316
minbbo_family,1492814356,"#모모점빵👉 @momo_jumbbang 
.
👧🏻👶🏻 #모모남매 이런얘기 저런얘기
#순대전골그리고국밥#부산시청맛집#부산맛집 #맛있는집
.",249,183
dptj21,6728393705,일산맘 백호띠맘 청양띠맘 딸딸맘,55,26
hayulmomgabi,1985402295,"#고마워미술
#초등민화
#초등수채화
성신여대동양화과 학사",190,175
reina120_emb,2114925066,"즐겁게 🛀🏻 편안하게 🌳
온갖것에 관심이 많은 녀자 😁
내 삶이 나로 인해 풍성해 졌으면 좋겠습니다. 
#프랑스자수#캠핑#서평#책추천#음악#봄밤비맘♥️",523,517
suit.01,32765125994,"즐거운 소통을 꿈꾸며.
소소한일상.마음나누기.별그램친구.맘스타그램
맞팔해요♡",303,229
surrrim_06,6237920223,𝐌𝐨𝐝𝐞𝐫𝐧 𝐃𝐚𝐧𝐜𝐞,147,564
sunghye.lee.100,23232120645,#고함쟁이엄마,73,73
_y.daeng._,2070100193,"아동미술/미술쌤/방문미술/원데이수업
클레이아티스트/프리랜서
초보캠퍼/캠핑일상
환경보호/제로웨이스트",104,346
h._eunjin,2193219130,🌴🎨🩺🐶👧 슈리촤니👦⛳🏌️‍♂️⚽️🥅🌴,585,432
mj_9750,2143364999,"#매일 #기록하기
#반복되는일상도기록하면특별해진다",59,200
kihong.park.10,13584123749,,48,85
h_o_d_o_o,1323802920,개인적인 공간입니다.❤️일상기록,85,190
unehime_naildome,4448598120,,332,83
___seo.da_1417,1946618922,"한우리독서토론논술
사랑해💕 7살, 4살 남매 일상👫 
독서기록📚 그림책 추천🖍책읽는 엄마🏷 
진해/용원/홈스쿨🏡 1:1/그룹수업✏
중등정교사2급 국어,한문🏫독서지도사📝 논술지도사2급✏ 자기주도학습코칭지도사👩‍🏫",386,343
chagall_artstudio,13958040046,"🏡샤갈미술🏠
유치부/초등부/중등부/취미부
🎨아이의 순수한 그림에 손대지 않습니다🎂🧁
☎️054)743-7522 
 🌻황성동 현대1차상가
#현대유치원#유림초#황남초#황성초#금장초#창의미술#아동미술#미술대회#미술대회심사#만들기#수채화#소묘#회화",140,107
_ur_hannah_,37076902566,"for mom & kids 💕
모든 구매문의는 DM 또는 카톡주세요🤗
(카톡 1013hannah)",85,26
leve_dance,5667660597,,164,117
hyojin2454,2856504301,"👩‍🎨그림이취미 & 스토어지기👩‍💻
👇워킹맘상점 네이버스토어👇",289,331
la_flo_ra,1450319636,,280,360
incheon.edu.readingclub,29062087552,,29,8
geunhomom_hj,2244448760,일상스타그램.잡스타그램.,613,502
k_myungju0115,21588125481,"❤️🧡💛주어진것에감사하기💚💙💜
어머니-사랑을주는분🧑🏻‍🍳
남편-돈 버는분💵
첫째-사춘기를겪고있는분📚
둘째-풍류를즐기는분🎼
셋째-자동차만좋아하는분🚗
나-옷쪼매좋아하는분👗",152,154
bona.factory,38497238406,"#더트웰브칫솔#최저가판매 
🥰바로배송, 무료배송중
🤍
감사. 축복. 사랑합니다🌻
🔻주문은 아래 클릭해주세요🔻",589,302
sujin_elva,3006347675,"아줌마의일상 ,잡스타그램 ,추억저장소,조만간40후반,
하고픈거 다하고 살기...",67,53
minseo5856,18524815849,"🐰DM안받아요~ I don't take DM. 
💖메세지 지인 외에 안받아요. I don't take any more than a message acquaintance.",45,63
eunjoo_5147,6959073506,,29,29
choo_ceramic_studio,4188850179,"*빛나는 도자기 *핸드메이드 도자기  
*핸드페인팅 *아이디어스 판매
접시.그릇.컵.도자기등.수반.소품제작.손작업.물레작업.도예수업.",153,621
study_kye05,40335768253,"초등학생 4학년 공스타📖
맞팔 : 선팔 후 DM (자극되는 공스타만/소개계정 안받아요)
언팔 : 맞언팔
선언팔 : 5일이상 공스타 피드 안올리면 선언팔해요!!
유튜브 : 쭈립이라고 치면 나옵니다:)
공스타좋반은 외국인 안받고 한국인만 받아요",48,16
s_o_o_jung,1640496384,𝘒𝘠𝘜𝘕𝘎𝘏𝘌𝘌 𝘜𝘕𝘐𝘝. 20 🇷🇺,108,63
kimsungsik0922,3535064528,#광고 #그래픽디자이너 #프리드라이프,137,208
hanxianying,2332170544,"솔직하고 따뜻하게. 이화이정맘. 
EBS 예술아놀자 [어느 ‘특별’한 동화] 
바이올리니스트 대니구🎻와 10살 꼬마예술가🎨의콜라보🎼",560,649
wmwmtl,3089824419,나!!!!,317,245
iyuhyeon2777,6163606117,,2,42
achieve2010,18347862107,,82,71
kimhyunju1011,5822944827,"10.10.28 명희
19.05.24 재후니
21.01 재희",418,287
jiyoung7699,31526779014,"24시간 문의는 다이렉주세요★★★
#독서가기본
#영어홈스쿨
#도요새
#창의융합영재스쿨
#춘천맘
#춘천맘일상 
#홍천맘 
#양구맘
#워킹맘육아
#워킹맘일상
#책육아",190,180
hyun_jjung81,2900307585,"리본아트강사,
큐티돌아트강사
핸드메이드핀판매
리본아트,스탬프아트
한양대학병원 연구원
김뽀홈트,악마1기,14기,25기,27기,엔씨팀
은자매맘^^딸둘맘
운동하는뇨자~운동하는엄마,다이어터",341,348
hyun_suk_ssukee,895201525,,132,127
ljy6522,3169811712,#여행#주말여행#가족여행#일상#주말#아들스타그램#맛집탐방#맛집#맛집추천,188,136
love_____hl,8439265105,"사랑스런 어린화가들의 일상과 소중한 순간을 기록해요🖌 
-
 🖍 6세부터 13세까지 연령별, 개인별 맞춤수업
 🖍 누리과정, 초등통합과정 연계수업
 🖍 매주 진행되는 다양한 특강수업
🖍  061) 721-3888
순천 신대지구 중흥S클래스 7차 상가 205호",382,282
love_hye_jung81,4871253588,"개인소장입니다
윤남매맘
6인가족캠퍼
캠핑이야기
혜. 리. 빈. 솔
사남매 이야기
6식구가 알콩달콩 사는 이야기
지금히 개인소장용
내공간이니 내알아서할꼬야",206,422
agatha_kang_kr,21738286895,Awesome life!,33,132
v0oo0v,1218300618,,279,154
uhdaon,9130852686,초등학교 4학년 (Grade 4),52,97
jeonsihwa9,14700456718,"안녕하세여!!! 
틱톡 닉네임:DIARY❤️
배그 닉네임:시화인데열
브롤 닉네임:지쌈",47,22
0679kristy,1958630889,,610,686
study._.yeom,34393566706,"공스타그램🥰✨
열심히 할끄야",28,51
sshjjklove,1329922629,아포방포💜,583,249
jeongeunsug8156,4605332701,"아이가 셋 책 읽는
엄마",59,83
silys_hey,6589254976,"소소한 나의 일상🙏
꿈이 있는 여자
하루하루 열심히",101,367
914399_won,39545899297,"미카엘♡안젤라♡라파엘
유쾌상쾌통쾌!! 
하하호호~^^ 시끌벅적한 우리집 일상 기록^^",33,36
j_mi771,2271060321,"#EXO 주방이모가 되는 그날까지...
우리집 남자들은 그저 마루타일뿐😅",240,137
rottenpang,1061833152,"⛥세자매이야기⛤
   
  나만의 육아앨범",251,531
ssubini__d,31320362868,"수빈이 댄스 기록장✌🏻
📷Subin's dance&daily👉🏻@subini_mama",63,65
soonk1150,1766225806,,112,156
maeveshop_1,23168586087,| 메이브샵 | 데일리코디 | 여성의류 |,194,96
smoff84,3461600193,"-부부의 취향이 문화를 만든다.
   문화살롱고 CAFE&PUB 안주인
-리형제맘의 육아일기
-딴따라 엄마의 일상기록
-유쾌한삶을 지향하는 노는가족",509,137
amici_jjeon95,5873324223,"#아미치음악학원 
#대전유성구은구비로33_24번길
#동요 #성악 #클래식피아노 #피아노반주법 #바이올린 #첼로 #플룻 #클라리넷
#홀_레슨실_연습실대여
#0428259987",445,241
427ph,39399057257,"맛집 멋집 여행 공연 나의 일기장과 같은곳~
팔로우신청/맞팔로환영요~~~",129,232
jshjis77,31214437742,,22,17
justknow_g,5418918592,#냥스타그램 #집사그램 #아비시니안 #일상,50,37
yucaeweon60,21951209380,"평범한 학생♡
#디즈니#그림#이비스페인트x#제페토",3,3
